irrT,skew_RL,skew_NL,skew_k,vc_RL,vc_NL,vc_k,percentile_5_RL,percentile_5_NL,percentile_5_k,percentile_95_RL,percentile_95_NL,percentile_95_k,mean_RL,mean_NL,mean_k,kurt_RL,kurt_NL,kurt_k,median_RL,median_NL,median_k,max_RL,max_NL,max_k,min_RL,min_NL,min_k,samp_RL,samp_NL,samp_k,var_RL,var_NL,var_k,sigma_RL,sigma_NL,sigma_k,nsen_RL_damage,nsen_NL_damage,nsen_k_damage,sen_RL_damage,sen_NL_damage,sen_k_damage,pear_RL_damage,pear_NL_damage,pear_k_damage,cov_RL_damage,cov_NL_damage,cov_k_damage,vsen_RL_damage,vsen_NL_damage,vsen_k_damage
0,nan,nan,3.12025369796,0.0,0.0,0.493962151387,0.497555504617,1e-12,1.31721380475,0.497555504617,1e-12,2.74008968057,0.497555504617,1e-12,1.6369793195,nan,nan,6.84806905222,0.497555504617,1e-12,1.37252540405,0.497555504617,1e-12,3.92991340943,0.497555504617,1e-12,1.31324664904,10.0,10.0,10.0,0.0,0.0,0.653843382542,0.0,0.0,0.808605826434,0.0,0.0,-0.676914688459,6.82798576127e-32,-0.0,-1.9430859237,nan,nan,-0.722989086597,0.0,0.0,-0.175891644968,0.0,0.0,-1.9430859237
10,nan,nan,3.12236399215,0.0,0.0,0.486015287144,0.497555504617,1e-12,1.33430353076,0.497555504617,1e-12,2.74471763017,0.497555504617,1e-12,1.65230657813,nan,nan,6.8561054984,0.497555504617,1e-12,1.39147457601,0.497555504617,1e-12,3.9299134129,0.497555504617,1e-12,1.32999677482,10.0,10.0,10.0,0.0,0.0,0.644883289304,0.0,0.0,0.803046256018,0.0,0.0,-0.665175281088,6.82798576127e-32,-0.0,-1.9272657719,nan,nan,-0.722067252641,0.0,0.0,-0.174459576272,0.0,0.0,-1.9272657719
20,nan,nan,3.1172614286,0.0,0.0,0.478682521739,0.497555504617,1e-12,1.34525280072,0.497555504617,1e-12,2.75578028931,0.497555504617,1e-12,1.66730741212,nan,nan,6.83788993562,0.497555504617,1e-12,1.40906181298,0.497555504617,1e-12,3.9299134265,0.497555504617,1e-12,1.34048123559,10.0,10.0,10.0,0.0,0.0,0.636981035112,0.0,0.0,0.798110916547,0.0,0.0,-0.658727794428,6.82798576127e-32,-0.0,-1.92591246529,nan,nan,-0.726022191396,0.0,0.0,-0.174337072516,0.0,0.0,-1.92591246529
30,nan,0.8838663645124812,3.10858236497,0.0,3.56634481362e-14,0.474002177694,0.497555504617,1e-12,1.35093052683,0.497555504617,1e-12,2.76926315363,0.497555504617,1e-12,1.67748815662,nan,-1.0403436026678434,6.80603974116,0.497555504617,1e-12,1.41917551573,0.497555504617,1e-12,3.9299134751,0.497555504617,1e-12,1.34589234553,10.0,10.0,10.0,0.0,1.27188153296e-51,0.632236550174,0.0,3.56634481362e-26,0.795133039292,0.0,8.54314964087e-14,-0.656983502692,6.82798576127e-32,1.05762975226e-25,-1.93254137897,nan,0.8922507693584245,-0.731249537684,0.0,9.57385541332e-27,-0.174937133746,0.0,1.49807269474e-25,-1.93254137897
40,nan,0.8905273865062845,3.10198688322,0.0,8.32826540761e-13,0.471417672303,0.497555504617,1e-12,1.35386766683,0.497555504617,1e-12,2.77854062524,0.497555504617,1e-12,1.68331707333,nan,-1.0365276602556708,6.78159635975,0.497555504617,1e-12,1.42452209588,0.497555504617,1e-12,3.92991363478,0.497555504617,1e-12,1.34868777838,10.0,10.0,10.0,0.0,6.93600046997e-49,0.629714327979,0.0,8.32826540761e-25,0.793545416456,0.0,1.99895392178e-12,-0.656563346545,6.82798576127e-32,2.48158533326e-24,-1.93801635228,nan,0.8965019926353803,-0.73478833328,0.0,2.24637583481e-25,-0.175432738213,0.0,3.50523918479e-24,-1.93801635228
50,nan,0.881209261523093,3.09804801438,0.0,1.64427698788e-11,0.470030759672,0.497555504617,1e-12,1.35542161884,0.497555504617,1.00000000004e-12,2.78379897407,0.497555504617,1.00000000002e-12,1.68649553161,nan,-1.0632213703988513,6.76693834718,0.497555504617,1.00000000001e-12,1.42738158444,0.497555504617,1.00000000005e-12,3.92991412094,0.497555504617,1e-12,1.35016556704,10.0,10.0,10.0,0.0,2.70364681296e-46,0.628380861747,0.0,1.64427698791e-23,0.792704775908,0.0,3.9572304424e-11,-0.656412577797,6.82798576127e-32,4.90428204064e-23,-1.94122986339,nan,0.8973813960610775,-0.736787232389,0.0,4.43944462256e-24,-0.175723631039,0.0,6.93914905142e-23,-1.94122986339
60,nan,0.8803893183118218,3.09577280915,0.0,2.71352324772e-10,0.469271561889,0.497555504617,1e-12,1.35626690135,0.497555504617,1.00000000069e-12,2.78675229162,0.497555504617,1.00000000027e-12,1.68825101466,nan,-1.0640853789097668,6.75845268026,0.497555504617,1.00000000019e-12,1.42894723422,0.497555504617,1.00000000076e-12,3.92991550199,0.497555504617,1e-12,1.35096911757,10.0,10.0,10.0,0.0,7.36320841995e-44,0.627657195369,0.0,2.71352324846e-22,0.792248190512,0.0,6.53868005746e-10,-0.656349223581,6.82798576127e-32,8.09470397504e-22,-1.94306294643,nan,0.8975197763282702,-0.737907996178,0.0,7.3274721428e-23,-0.175889565024,0.0,1.14658158503e-21,-1.94306294643
70,nan,0.884956647266832,3.09445411874,0.0,3.81888645663e-09,0.468844822642,0.497555504617,1.00000000007e-12,1.35674116569,0.497555504617,1.00000000973e-12,2.78843917027,0.497555504617,1.00000000383e-12,1.68924397882,nan,-1.0538362268983135,6.75352823195,0.497555504617,1.00000000264e-12,1.42982802809,0.497555504617,1.00000001075e-12,3.92991918468,0.497555504617,1e-12,1.3514198447,10.0,10.0,10.0,0.0,1.45838938803e-41,0.627253377187,0.0,3.81888647126e-21,0.79199329365,0.0,9.20805449213e-09,-0.656320110346,6.82798576127e-32,1.13861062602e-20,-1.94411954333,nan,0.8970467709086634,-0.738546874152,0.0,1.03069088992e-21,-0.175985210082,0.0,1.61466621083e-20,-1.94411954333
80,nan,0.8764465778763486,3.09367845603,0.0,4.5864923337e-08,0.468599052294,0.497555504617,1.00000000083e-12,1.35701504747,0.497555504617,1.0000001169e-12,2.78942660975,0.497555504617,1.00000004617e-12,1.68982076964,nan,-1.063994182804481,6.75062948976,0.497555504617,1.00000003201e-12,1.4303374526,0.497555504617,1.0000001291e-12,3.92992829857,0.497555504617,1e-12,1.35168011958,10.0,10.0,10.0,0.0,2.10359138695e-39,0.627023906317,0.0,4.58649254545e-20,0.791848411198,0.0,1.1066298026e-07,-0.656306668285,6.82798576127e-32,1.36922707838e-19,-1.94474353016,nan,0.8981965649171353,-0.738919092379,0.0,1.23944906509e-20,-0.176041694496,0.0,1.94051612893e-19,-1.94474353016
90,nan,0.878138671866577,3.09321348195,0.0,4.81297551175e-07,0.468455387453,0.497555504617,1.00000000876e-12,1.3571776588,0.497555504617,1.00000122659e-12,2.79002419143,0.497555504617,1.00000048433e-12,1.6901657978,nan,-1.064467381944237,6.74889105099,0.497555504617,1.00000033497e-12,1.43064031965,0.497555504617,1.00000135447e-12,3.92994916839,0.497555504617,1e-12,1.35183464147,10.0,10.0,10.0,0.0,2.31647557153e-37,0.626895415653,0.0,4.81297784281e-19,0.791767273669,0.0,1.1613724204e-06,-0.656302456648,6.82798576127e-32,1.43649641408e-18,-1.94512812622,nan,0.8979812865550533,-0.739140959188,0.0,1.30034248193e-19,-0.176076508826,0.0,2.03651021837e-18,-1.94512812622
100,nan,0.8790506676494063,3.09293007737,0.0,4.46410077115e-06,0.468373085301,0.497555504617,1.00000008168e-12,1.35727677081,0.497555504617,1.0000113777e-12,2.79040640953,0.497555504617,1.00000449044e-12,1.69037979088,nan,-1.0603288605519743,6.7478311156,0.497555504617,1.00000310646e-12,1.43082506697,0.497555504617,1.00001256898e-12,3.92999549646,0.497555504617,1e-12,1.35192881905,10.0,10.0,10.0,0.0,1.9928374668e-35,0.626833856172,0.0,4.46412081691e-18,0.791728397983,0.0,1.0773916565e-05,-0.656306751567,6.82798576127e-32,1.33223861985e-17,-1.94538713101,nan,0.8978890634235331,-0.739275678333,0.0,1.2059664448e-18,-0.176099954407,0.0,1.88925435888e-17,-1.94538713101
110,nan,0.8834574060987838,3.0927562137,0.0,3.69597039555e-05,0.46833289055,0.497555504617,1.00000067121e-12,1.35733867439,0.497555504617,1.00009418407e-12,2.79068108503,0.497555504617,1.00003711582e-12,1.69052067249,nan,-1.054506266834665,6.7471805997,0.497555504617,1.00002559681e-12,1.43094050078,0.497555504617,1.00010407975e-12,3.93009541349,0.497555504617,1e-12,1.35198763918,10.0,10.0,10.0,0.0,1.36612112023e-33,0.626830744842,0.0,3.6961075745e-17,0.791726433083,0.0,8.91996831303e-05,-0.656323523883,6.82798576127e-32,1.10237095117e-16,-1.94559898544,nan,0.8973456465348344,-0.739358021055,0.0,9.97886082139e-18,-0.176119131852,0.0,1.56420728879e-16,-1.94559898544
120,nan,0.8793716243974442,3.09265238224,0.0,0.000273266559055,0.468329352084,0.497555504617,1.00000499095e-12,1.35737822705,0.497555504617,1.00069639239e-12,2.79092687537,0.497555504617,1.00027475267e-12,1.69062475956,nan,-1.0661977483179186,6.74679174046,0.497555504617,1.00018963151e-12,1.43101427377,0.497555504617,1.00076871327e-12,3.93029930934,0.497555504617,1e-12,1.3520252211,10.0,10.0,10.0,0.0,7.47156520336e-32,0.626898463316,0.0,2.73341639773e-16,0.791769198262,0.0,0.000659612143313,-0.656361911332,6.82798576127e-32,8.15546550854e-16,-1.94583258031,nan,0.8976758928942664,-0.739406851627,0.0,7.38247457963e-17,-0.176140277282,0.0,1.15697193492e-15,-1.94583258031
130,0.46866130728194666,0.8509435582636778,3.09259868958,4.26170006453e-15,0.00173393475413,0.46836850092,0.497555504617,1.00003337468e-12,1.35740403841,0.497555504617,1.00444286538e-12,2.79121847336,0.497555504617,1.0017728182e-12,1.69071893087,-1.353503058877798,-1.1033769216660738,6.74658997986,0.497555504617,1.00125118993e-12,1.43106242413,0.497555504617,1.0048811938e-12,3.93069449274,0.497555504617,1e-12,1.35204974613,10.0,10.0,10.0,4.49623324972e-30,3.01719924203e-30,0.627073128469,2.12043232614e-15,1.73700870522e-15,0.791879491128,1.00571623245e-14,0.00418523422649,-0.656438676155,6.56703032037e-15,5.20697516239e-15,-1.9461685548,0.9317967845491697,0.9019035856767755,-0.739431518021,5.944594377e-16,4.7134478998e-16,-0.176170690299,8.77469177e-15,7.35197271383e-15,-1.9461685548
140,0.4700692283433459,0.8748968609442385,3.09258761703,2.62020384897e-14,0.0103524572912,0.468466572827,0.497555504617,1.00020412674e-12,1.35742121664,0.497555504617,1.02671037333e-12,2.79164023234,0.497555504617,1.01057817028e-12,1.69082714586,-1.3006386465727964,-1.062398359301852,6.74654691755,0.497555504617,1.00737985956e-12,1.43109447294,0.497555504617,1.02949441178e-12,3.93141281406,0.497555504617,1e-12,1.35206606817,10.0,10.0,10.0,1.6996254722e-28,1.09452760775e-28,0.627416070469,1.30369684827e-14,1.04619673473e-14,0.792095998266,6.13168271959e-14,0.024975877899,-0.656579542537,4.12990575814e-14,3.12582807584e-14,-1.94671077854,0.953103640252545,0.8989350825260536,-0.739435363259,3.73846523461e-15,2.82955599359e-15,-0.176219773371,5.34978199216e-14,4.42594028418e-14,-1.94671077854
150,0.43277583837193484,0.8786543101551686,3.09261918377,1.48857013729e-13,0.0554744701676,0.468647092418,0.497555504617,1.00109958045e-12,1.35743286026,0.497555504617,1.14978145571e-12,2.79228668815,0.497555504617,1.05914240897e-12,1.69097261439,-1.3215023922259674,-1.0626245022849765,6.74666225359,0.497555504617,1.0409211172e-12,1.43111619762,0.497555504617,1.16540320772e-12,3.93262083416,0.497555504617,1e-12,1.35207713138,10.0,10.0,10.0,5.48556891068e-27,3.45219279519e-27,0.628007748493,7.40646265817e-14,5.87553639695e-14,0.792469399089,3.47746188871e-13,0.133888784031,-0.656817181229,2.35161029576e-13,1.75361321826e-13,-1.94758290387,0.9552809513210527,0.8979722004751259,-0.739418061888,2.12872008489e-14,1.58740233684e-14,-0.176298719729,3.03402244399e-13,2.48664294639e-13,-1.94758290387
160,0.4147061994832188,0.8674713298605145,3.09269510196,7.64611762242e-13,0.230984387538,0.46892988808,0.497555504617,1.00560022606e-12,1.35744088784,0.497555504618,1.76860551593e-12,2.79323311194,0.497555504618,1.30468643833e-12,1.6911730534,-1.3300539659679331,-1.0771811764584212,6.74694208452,0.497555504618,1.21245793959e-12,1.43113117677,0.497555504618,1.8480080109e-12,3.93445513666,0.497555504617,1.00000000001e-12,1.35208475872,10.0,10.0,10.0,1.44732152098e-25,9.08191743153e-26,0.628914964508,3.80436791199e-13,3.01362197887e-13,0.793041590655,1.78438224247e-12,0.557642925065,-0.65717838385,1.20986099126e-12,9.00898477965e-13,-1.94888491882,0.9568185066278598,0.8994223619637284,-0.739378526005,1.09518800656e-13,8.15509562936e-14,-0.176416580473,1.55684115184e-12,1.27578420037e-12,-1.94888491882
170,0.42380278629798135,0.8766283685130011,3.0928102093,3.64655025549e-12,0.586909205122,0.469309610233,0.497555504617,1.02685691016e-12,1.35744650963,0.497555504622,4.66973362843e-12,2.79447065781,0.49755550462,2.45109737891e-12,1.69142837603,-1.3201966640531053,-1.0630106940416055,6.74736715684,0.497555504619,2.00620695862e-12,1.43114166991,0.497555504622,5.05215094437e-12,3.93688920844,0.497555504617,1.00000000005e-12,1.35209009998,10.0,10.0,10.0,3.29190639166e-24,2.06948828956e-24,0.630124142497,1.81436115249e-12,1.43857161433e-12,0.79380359189,8.50537340446e-12,1.4161820731,-0.657657790933,5.76753076737e-12,4.29595068202e-12,-1.95060106185,0.9564070831624428,0.8984717010695835,-0.739319224042,5.22087295112e-13,3.88877209672e-13,-0.176571928838,7.42078407459e-12,6.08687709735e-12,-1.95060106185
180,0.4302452025809794,0.8795339081147214,3.09294836976,1.63486132182e-11,0.861257675567,0.469745523064,0.497555504618,1.12103774397e-12,1.35745049912,0.497555504639,1.74584187813e-11,2.79587574537,0.497555504628,7.49669156118e-12,1.69171494599,-1.3210116854406855,-1.0615359207706374,6.74787767857,0.497555504626,5.49203605303e-12,1.43114912844,0.497555504641,1.91765328144e-11,3.93967021358,0.497555504617,1.00000000022e-12,1.3520938893,10.0,10.0,10.0,6.61675279033e-23,4.16874659526e-23,0.631509185547,8.13434249975e-12,6.45658314843e-12,0.794675522177,3.81492183669e-11,2.07823403157,-0.658205468931,2.58410848016e-11,1.92676927987e-11,-1.95255622031,0.9557952967311554,0.8978495463128408,-0.739248265028,2.33918163786e-12,1.74414632918e-12,-0.17674891331,3.32845012979e-11,2.73198914772e-11,-1.95255622031
190,0.4316559632284885,0.8799202529376269,3.09308705449,6.88108837187e-11,0.959448104047,0.470175664608,0.49755550462,1.49861617337e-12,1.35745334381,0.49755550471,7.02725070742e-11,2.79725571981,0.497555504661,2.83312150263e-11,1.69199493075,-1.3215279741774661,-1.0613618922384527,6.74839025557,0.497555504656,1.9887343323e-11,1.43115449544,0.497555504717,7.75067295523e-11,3.94240912973,0.497555504617,1.00000000092e-12,1.35209658691,10.0,10.0,10.0,1.17218819025e-21,7.38879093712e-22,0.632875683372,3.42372339749e-11,2.71823305423e-11,0.79553484108,1.60638383433e-10,2.31528487897,-0.658744743166,1.08741776992e-10,8.11071216138e-11,-1.95447938856,0.955596075206093,0.8977365398899789,-0.739177080946,9.84350192572e-12,7.34196304201e-12,-0.176923001972,1.40154076836e-10,1.15022952298e-10,-1.95447938856
200,0.43242286257788204,0.8800177469621029,3.0932078803,2.72591708245e-10,0.98566971033,0.470548423138,0.497555504628,2.96046302323e-12,1.35745530044,0.497555504987,2.75448961217e-10,2.7984493037,0.497555504793,1.09267380995e-10,1.69223651054,-1.321814008457639,-1.0613201323535617,6.74883686446,0.497555504772,7.58070098869e-11,1.43115837604,0.497555505012,3.04113238709e-10,3.94478093595,0.497555504617,1.00000000362e-12,1.35209842553,10.0,10.0,10.0,1.83953626261e-20,1.15996233929e-20,0.634060598769,1.35629504998e-10,1.07701547774e-10,0.796279221611,6.36505004389e-10,2.37850416267,-0.659211675731,4.30727121725e-10,3.21350557201e-10,-1.95614402057,0.9554866966309218,0.8977051468786331,-0.739115050155,3.89901964954e-11,2.90892324565e-11,-0.177073687465,5.55339075311e-10,4.55731790015e-10,-1.95614402057
210,0.4324500176975263,0.8800233220324928,3.09330448307,1.02024978648e-09,0.992336718479,0.470846752159,0.497555504658,8.33469687839e-12,1.35745630948,0.497555506,1.02820235032e-09,2.79940364445,0.497555505274,4.06217976647e-10,1.69242930922,-1.3218222828733832,-1.0613176802302338,6.74919396595,0.497555505197,2.80981711265e-10,1.43116109853,0.497555506096,1.13548711704e-09,3.94667826985,0.497555504617,1.00000001354e-12,1.35209930921,10.0,10.0,10.0,2.57689128624e-19,1.62493652258e-19,0.635009516211,5.07630898019e-10,4.03105013933e-10,0.796874843505,2.38222695237e-09,2.3944703968,-0.659585351404,1.61210878801e-09,1.20274752729e-09,-1.9574758577,0.9554828568554337,0.8977034104369391,-0.739065449673,1.45930997251e-10,1.08874877058e-10,-0.177194247766,2.07844982376e-09,1.70562473503e-09,-1.9574758577
220,0.43245576145531395,0.8800248751606093,3.09337810211,3.61955773671e-09,0.994097642139,0.471076546594,0.497555504762,2.70183187109e-11,1.35745556793,0.497555509522,3.64523089443e-09,2.8001375722,0.497555506946,1.43859845221e-09,1.6925769004,-1.3218276314001836,-1.0613170201638729,6.74946618833,0.497555506674,9.94293251743e-10,1.43116262886,0.497555509864,4.02584836044e-09,3.94813767958,0.497555504617,1.00000004802e-12,1.35209834372,10.0,10.0,10.0,3.24335205113e-18,2.04520697338e-18,0.635740361123,1.80093088461e-09,1.43010732932e-09,0.797333281083,8.45125286808e-09,2.39862386916,-0.659873558259,5.71929882506e-09,4.26701984526e-09,-1.95850195945,0.9554816368506096,0.8977029094449794,-0.739027706654,5.17721252639e-10,3.8625833811e-10,-0.177287132349,7.37356492239e-09,6.05085317141e-09,-1.95850195945
230,0.4324644564819381,0.8800253433076755,3.0934318918,1.22108154928e-08,0.994585142331,0.471252264125,0.497555505105,8.87714235499e-11,1.35745014741,0.497555521163,1.22950787915e-08,2.80069525008,0.497555512473,4.85083989302e-09,1.6926869714,-1.3218290402136201,-1.0613168417678744,6.74966536675,0.497555511556,3.35194238604e-09,1.43116214187,0.497555522317,1.35791202442e-08,3.94924678887,0.497555504617,1.00000016198e-12,1.35209233109,10.0,10.0,10.0,3.69124118189e-17,2.32765073864e-17,0.636297478853,6.07555856024e-09,4.82457328542e-09,0.797682567726,2.8510306776e-08,2.39972917931,-0.660095285045,1.92944080707e-08,1.43951058992e-08,-1.95928745095,0.955480549585749,0.8977027567782944,-0.739000373828,1.74656464382e-09,1.3030709683e-09,-0.177358236458,2.48747261012e-08,2.04123989395e-08,-1.95928745095
240,0.4324690942765897,0.8800253924321199,3.09346676234,3.9287290867e-08,0.994726771649,0.471390791934,0.497555506186,2.8339420298e-10,1.35743096226,0.497555557852,3.95562288124e-08,2.80112387772,0.497555529892,1.56049744262e-08,1.69276515805,-1.3218309473291179,-1.06131692372198,6.74979539677,0.497555526943,1.07823889787e-08,1.43115667934,0.497555561566,4.36875310724e-08,3.95009970685,0.497555504617,1.00000052207e-12,1.35207138512,10.0,10.0,10.0,3.82109010789e-16,2.40953775458e-16,0.636730439947,1.95476088253e-08,1.55226858326e-08,0.79795390841,9.17284097046e-08,2.40002346332,-0.660274226149,6.20781236524e-08,4.63151214574e-08,-1.95990910762,0.9554798759085019,0.8977027218040988,-0.738983475598,5.61942380034e-09,4.19252839036e-09,-0.177414509941,8.00313782981e-08,6.56739931825e-08,-1.95990910762
250,0.432470406192209,0.8800251032180465,3.09347446738,1.20880914177e-07,0.994769717398,0.471507689498,0.497555509443,8.69881581917e-10,1.35737165828,0.497555668411,1.21706351125e-07,2.80145367102,0.497555582385,4.80120315956e-08,1.69280630681,-1.3218316994112578,-1.0613173604113968,6.74982732234,0.497555573309,3.31736832043e-08,1.43113740211,0.497555679839,1.34417727484e-07,3.95075723513,0.497555504617,1.0000016095e-12,1.35200685377,10.0,10.0,10.0,3.61741785567e-15,2.28110501138e-15,0.637077249332,6.01449736525e-08,4.7760915102e-08,0.798171190492,2.8223322267e-07,2.40011216381,-1.90126454999,1.91004758337e-07,1.42504505647e-07,-1.96044058535,0.9554796681846354,0.8977027571183231,-0.738982644944,1.72900954769e-08,1.28997650633e-08,-0.177462620265,2.46243407768e-07,2.02067512829e-07,-5.64371005447
260,0.43247318530521367,0.8800241845059894,3.09342620387,3.56576295643e-07,0.994783029992,0.47162736136,0.497555518853,2.56403664237e-09,1.35719941162,0.497555987779,3.59009418585e-07,2.80170863376,0.497555734017,1.41624766212e-07,1.69278415676,-1.3218334887335017,-1.0613186946887312,6.74965889075,0.497555707244,9.78544125009e-08,1.43107968567,0.497556021489,3.9650559708e-07,3.95126920978,0.497555504617,1.00000475002e-12,1.35181959162,10.0,10.0,10.0,3.14766430405e-14,1.9848840779e-14,0.637383999033,1.77416580512e-07,1.40885914055e-07,0.798363325206,3.58546360262e-07,-1.78207188004,-1.90167556566,5.63428543468e-07,4.20362136322e-07,-1.96100234737,0.9554792118724682,0.8977028809773662,-0.739016504503,5.10025687097e-08,3.80519393085e-08,-0.177513471976,3.12825342336e-07,-4.42567275588e-07,-5.64485624977
270,0.43247169368703636,0.8800212354193347,3.09324074826,1.01075876922e-06,0.994786149704,0.471799285041,0.497555544971,7.26625916619e-09,1.35672175325,0.497556874198,1.01765254086e-06,2.80190394627,0.49755615488,4.01450675045e-07,1.69261945908,-1.3218348918833627,-1.0613229614341746,6.74900104861,0.497556078987,2.77378897646e-07,1.4309181036,0.497556969754,1.12393943574e-06,3.95167139229,0.497555504617,1.00001409784e-12,1.35130052915,10.0,10.0,10.0,2.52917710439e-13,1.59486469774e-13,0.637724666948,5.02909246722e-07,3.99357571324e-07,0.79857665064,1.01634537651e-06,-1.78202575996,-4.67720694758,1.59710801805e-06,1.1915661015e-06,-1.96184541911,0.9554792755792747,0.8977032955535506,-0.739136721698,1.44573100479e-07,1.07862714214e-07,-0.177589788353,8.86744071358e-07,-1.25447220999e-06,-13.8822796987
280,0.43246571607676143,0.880009824904605,3.09270850095,2.75917381623e-06,0.994782500009,0.472138736624,0.497555614774,1.98339229924e-08,1.35545329162,0.497559243313,2.77796964895e-06,2.80204556828,0.497557279715,1.09587659205e-06,1.69210500849,-1.321837892701966,-1.061340847406967,6.74710755801,0.497557072544,7.57191690856e-07,1.43048595846,0.497559504161,3.06810486684e-06,3.95198987885,0.497555504617,1.00003887315e-12,1.34992309104,10.0,10.0,10.0,1.88470893556e-12,1.18844633118e-12,0.638254505275,1.37284701827e-06,1.09015885594e-06,0.798908320945,2.77447173789e-06,-1.78191085104,-4.67927934017,4.35980456843e-06,3.25272050412e-06,-1.96355817254,0.9554797335551805,0.8977048316321693,-0.739474887798,3.94657378722e-07,2.94442131e-07,-0.177744829884,2.42068492022e-06,-3.42422660883e-06,-13.8842094905
290,0.4324484009293993,0.8799217968987124,3.09131927577,7.26799186994e-06,0.994748519076,0.472916930245,0.49755579479,5.22445563568e-08,1.3522395738,0.497565352857,7.31697519589e-06,2.80212557507,0.497560180493,2.88654789048e-06,1.6907381457,-1.3218449264612875,-1.0615022704848789,6.74216244643,0.497559634796,1.9945460246e-06,1.42937621831,0.497566039953,8.08104544107e-06,3.95224402064,0.497555504618,1.00010341726e-12,1.34643920615,10.0,10.0,10.0,1.30773605922e-11,8.24487616354e-12,0.639326087439,3.61626334663e-06,2.8713892393e-06,0.799578693712,7.308114255e-06,-1.78139450949,-4.6841422008,1.14843280063e-05,8.56750144618e-06,-1.96751205708,0.9554811880837484,0.8977154928761262,-0.740342688759,1.03958209966e-06,7.75545694739e-07,-0.178102742649,6.37625709713e-06,-9.01682729457e-06,-13.8874112577
300,0.43240455181765947,0.8783324713771826,3.08791617447,1.85077725709e-05,0.99426792079,0.474739099658,0.497556243582,1.33046119929e-07,1.34458218111,0.49758058338,1.86137107405e-05,2.80210921936,0.497567411996,7.34581175311e-06,1.68739445025,-1.3218619658178699,-1.065245743751024,6.73005056637,0.497566022501,5.07893703661e-06,1.42664336441,0.497582333004,2.05464483615e-05,3.95244829819,0.497555504619,1.00026616292e-12,1.33817847517,10.0,10.0,10.0,8.48031853782e-11,5.33441064097e-11,0.641716544773,9.20886449994e-06,7.30370497828e-06,0.80107212208,1.8576109373e-05,-1.77496266966,-4.70918984943,2.92451138557e-05,2.17962917102e-05,-1.97666789791,0.9554849177779059,0.8978752324050159,-0.742401248192,2.64732049191e-06,1.97303966662e-06,-0.178931545886,1.62077064725e-05,-2.28635620718e-05,-13.9340604529
310,0.43229940428320607,0.8514468296087411,3.08041977074,4.56383762721e-05,0.984612675226,0.478741564622,0.497557327109,3.28125141417e-07,1.32846037044,0.497617349101,4.48399447743e-05,2.80190529917,0.497584869258,1.78551404712e-05,1.6799876664,-1.3219025452492608,-1.116313973035387,6.70335358166,0.497581443551,1.2513870907e-05,1.42024847732,0.497621663199,4.92531561611e-05,3.95261363507,0.497555504621,1.00065432614e-12,1.32106887067,10.0,10.0,10.0,5.1569711365e-10,3.09070380686e-10,0.646866196082,2.27089654905e-05,1.75803976259e-05,0.804279923958,4.405770994e-05,-1.65453511278,-4.97783472622,7.21188279208e-05,5.26436996827e-05,-1.99590567845,0.9554938851119792,0.9009367693162178,-0.746636794022,6.52832647358e-06,4.76540271403e-06,-0.180672984504,3.84418216796e-05,-5.18029073251e-05,-14.6643035265
320,0.4320730031736198,0.6255020820718883,3.07004384039,0.000109143910295,0.900138967746,0.48547997502,0.497559864598,7.84959411684e-07,1.30683232458,0.497703420288,8.6071842805e-05,2.80130318449,0.497625741888,3.71282811707e-05,1.66745048551,-1.3219808542004843,-1.4018955002127376,6.66579854312,0.497617552678,2.94725412457e-05,1.4065950705,0.497713736139,9.16385057351e-05,3.95274833812,0.497555504626,1.00153930788e-12,1.29970658557,10.0,10.0,10.0,2.94988234389e-09,1.11693735239e-09,0.655312624858,5.4312819333e-05,3.34206126872e-05,0.809513820054,6.19136084342e-05,-0.617712487527,-3.09285714182,0.000172489449959,0.000102914618354,-2.02252414653,0.9555134232666528,0.9264868571216789,-0.751702596335,1.56140563435e-05,9.31601700816e-06,-0.18308253628,5.40261262363e-05,-4.02166693115e-05,-9.04331548308
330,0.43165922147179614,0.009964039405028208,3.0667820359,0.000253478464263,0.72378642184,0.492566114215,0.497565637499,1.82402815882e-06,1.29508400709,0.497899104429,0.000111915681134,2.79984756081,0.49771868256,5.80214753575e-05,1.65386174274,-1.322115169535514,-1.5328539913601131,6.65186545158,0.497699677099,5.86040041672e-05,1.38562397702,0.497923057684,0.000115863858731,3.95285877312,0.497555504637,1.00351765854e-12,1.28912757163,10.0,10.0,10.0,1.59165896676e-08,1.76359313073e-09,0.663632223186,0.00012616096729,4.19951560389e-05,0.81463625207,0.000258643046062,1.44455942398,-3.11381402723,0.000400683653992,0.000135781921104,-2.03626121273,0.9555495624204485,0.9727905703135895,-0.752049381696,3.62706075695e-05,1.22912245766e-05,-0.184326040306,0.000225735375669,0.000146973506044,-9.03039498742
340,0.43082976488136004,-0.6630736737244524,3.07129547627,0.000572272335881,0.594529388665,0.497443083604,0.497578414115,4.11736665126e-06,1.29192298026,0.498331615437,0.000119275865579,2.79661891798,0.497924177956,7.23323485616e-05,1.64407790419,-1.3224280362370813,-1.048803754922434,6.66624060119,0.497881327545,8.12884445522e-05,1.37102577596,0.498385671185,0.000122109061975,3.95294985437,0.497555504662,1.00784867415e-12,1.28653220699,10.0,10.0,10.0,8.1195495154e-08,1.84931881325e-09,0.668854385483,0.000284948232411,4.3003706971e-05,0.817835182346,0.00254334156213,2.5300423576,-4.3580903993,0.000905055018247,0.000141006909308,-2.03471147523,0.9556208481287338,0.9865318298468916,-0.748537646488,8.19272138223e-05,1.27641999396e-05,-0.184185755271,0.00222066362185,0.000320904075972,-12.5641612598
350,0.4290111719466232,-1.1004536281748214,3.07953157529,0.00125656759207,0.519172663219,0.499634103068,0.497605957505,8.89100686539e-06,1.29247190892,0.499261406544,0.000117795027576,2.7900997787,0.498366295395,7.83376650108e-05,1.63918231243,-1.3231394357214656,-0.3507009947653552,6.69619865888,0.498272490089,8.95758198572e-05,1.36600496317,0.499379984785,0.000119997151233,3.95302540244,0.497555504715,1.01716666707e-12,1.28732328197,10.0,10.0,10.0,3.92165184917e-07,1.65411187192e-09,0.670746887785,0.000626230935771,4.0670774174e-05,0.818991384439,0.00457178406255,2.4991483333,-5.43841436994,0.00198936153943,0.000132335416844,-2.02587376554,0.9557752978617926,0.9789719600297568,-0.744234245261,0.000180080597228,1.19792407902e-05,-0.183385749838,0.00399529863878,0.00034330294663,-15.6319957645
360,0.42514374363671964,-1.407921930839289,3.08939876762,0.00268214542491,0.461724401285,0.500264937952,0.497663858849,1.62739919738e-05,1.29461816789,0.501204613772,0.000112456357322,2.78062376786,0.499291876817,7.932570068e-05,1.63712839119,-1.3246158086057798,0.5399124911717967,6.73344029723,0.499092950737,9.00333045959e-05,1.36567134696,0.501457201178,0.000114251551477,3.95308840759,0.497555504826,1.03664541164e-12,1.28957602066,10.0,10.0,10.0,1.79338545714e-06,1.34150868118e-09,0.670757614316,0.0013391734231,3.6626611653e-05,0.818997933035,0.00961127922115,1.90210661881,-8.46945277599,0.00425563789757,0.000118194939488,-2.0140776208,0.9561024880508165,0.970909479542964,-0.739894843474,0.000385228023662,1.06992192573e-05,-0.182317941525,0.00841493119787,0.000264584042997,-24.3138070395
370,0.4172844204233607,-1.7065683404035386,3.09616685878,0.00555370068837,0.425192942107,0.499893092432,0.497782673297,2.1754408981e-05,1.29749862503,0.505144580475,0.00010540442109,2.7740440974,0.501175113793,7.72727703908e-05,1.63726771666,-1.3274798110873078,1.642786903346983,6.75906396646,0.500768732155,8.68846219292e-05,1.36744730696,0.505665476367,0.00010690884495,3.95314122534,0.497555505053,1.0765581165e-12,1.29249502009,10.0,10.0,10.0,7.74718515526e-06,1.07950599785e-09,0.669874843342,0.00278337657446,3.28558365872e-05,0.81845882202,0.0209624333304,1.36530853781,7.79862653979,0.00885115967375,0.00010447952633,-2.0046313132,0.9567639653228486,0.9567429432248716,-0.736909708367,0.000801222949484,9.45767530269e-06,-0.181462844711,0.0184223940191,0.000185000185423,22.3899279837
380,0.4020946980185164,-1.9377658899454149,3.0993967303,0.0111033843626,0.406354166189,0.498868772085,0.498020849273,2.3924274506e-05,1.30069789494,0.512858888299,9.76888333648e-05,2.77155298673,0.504887447755,7.33769354436e-05,1.63897044497,-1.332588207506515,2.507635258807306,6.7712739256,0.504096486137,8.21176996035e-05,1.37020876377,0.513892554326,9.89548444574e-05,3.95318572257,0.497555505509,1.15657943299e-12,1.29570138074,10.0,10.0,10.0,3.14267807079e-05,8.89054885609e-10,0.668520735658,0.00560595939228,2.98170234197e-05,0.817631173365,0.0437871939378,1.07425965488,5.04732130418,0.0178505451846,9.32029780832e-05,-1.99863069505,0.9580278617871432,0.9404638475366983,-0.735447564798,0.00161586356928,8.43690180193e-06,-0.180919657925,0.0387664973424,0.000138224080635,14.5059758128
390,0.374318015399165,-2.1115654490356097,3.10089342379,0.0212544271162,0.395294990451,0.497486974223,0.49848740358,2.4228059262e-05,1.30415181599,0.527324508893,8.96630399905e-05,2.77123916099,0.511935256118,6.85720145673e-05,1.64151664561,-1.340585741900711,3.1418018351824966,6.77693427568,0.510497649162,7.66327151045e-05,1.3734895136,0.529278517714,9.0707440793e-05,3.95322338757,0.497555506403,1.31366957777e-12,1.29915496277,10.0,10.0,10.0,0.000118393780018,7.34744660438e-10,0.66688970031,0.0108808905894,2.71061738436e-05,0.816633149162,0.084290304238,0.928503393756,3.37579032999,0.034728717402,8.33450214927e-05,-1.99434589212,0.960286676679906,0.9250986475668708,-0.734767740069,0.0031437061825,7.54454177833e-06,-0.18053178983,0.0756671777469,0.000111646542673,9.71707669524
400,0.32716266405476224,-2.2601216485054754,3.10169700693,0.0384768968234,0.387294160438,0.495841196585,0.499380103225,2.36150371303e-05,1.30807673855,0.553002000989,8.14697426442e-05,2.77200132387,0.524708081386,6.33461848711e-05,1.64464140319,-1.3504501241976439,3.6686314794239347,6.77995806994,0.522346868845,7.0847959267e-05,1.37717229088,0.556475385685,8.22950497303e-05,3.95325541333,0.497555508123,1.61466091591e-12,1.30309940714,10.0,10.0,10.0,0.000407601321847,6.01897896308e-10,0.665009198259,0.0201891387099,2.45336074866e-05,0.81548096131,0.145546230935,0.870266262806,2.76278663842,0.0646846667042,7.41586262564e-05,-1.99049526678,0.9639625354406506,0.9094458926935342,-0.734385216007,0.00585537278204,6.71297270064e-06,-0.180183224274,0.133916346157,9.66690579611e-05,7.96770857356
410,0.2539419918360367,-2.404706090378106,3.10247221743,0.0649211014162,0.380384113212,0.493803117885,0.501046262179,2.25358736181e-05,1.31315784327,0.595595652373,7.31126990385e-05,2.77336714972,0.5465739581,5.78635483758e-05,1.6485433969,-1.357262476521805,4.175466384520416,6.78280850675,0.543249450188,6.48653201862e-05,1.38151950101,0.601330721095,7.37192872676e-05,3.95328276098,0.497555511365,2.18200185305e-12,1.30825999282,10.0,10.0,10.0,0.0012591272691,4.84456587227e-10,0.662686958439,0.0354841833653,2.20103745363e-05,0.81405586936,0.222473941243,0.883107361819,2.6028625213,0.114315056583,6.52168524218e-05,-1.98582411473,0.9692710093379077,0.8914746626296531,-0.733944416202,0.0103480052538,5.90354719376e-06,-0.179760383159,0.213227374283,8.96052472166e-05,7.52430668849
420,0.15095618043197512,-2.5574200304763655,3.10386905548,0.100846543695,0.373701467623,0.491045008747,0.504070217935,2.12406655728e-05,1.32060322781,0.661010516068,6.46854561499e-05,2.77513216066,0.581615380858,5.22389282238e-05,1.65382008376,-1.3509811468719823,4.7179617987120235,6.78786870798,0.577988555926,5.87375655172e-05,1.38719819836,0.669747690647,6.50940057532e-05,3.95330620829,0.497555517367,3.23247971635e-12,1.31587956776,10.0,10.0,10.0,0.00344028009308,3.81099275307e-10,0.659506568352,0.0586539009195,1.95217641443e-05,0.812100097495,0.302464024947,0.980092986149,2.78793486495,0.190254812815,5.63767985998e-05,-1.97867070331,0.9759225498764794,0.8688763003369858,-0.733061756861,0.0172222090546,5.10332956603e-06,-0.179112843447,0.308478204776,8.97793411596e-05,8.08510676923
430,0.018601431887061398,-2.7102941109560517,3.10641545044,0.143399552609,0.367454948116,0.487044799383,0.509379887359,1.98276514365e-05,1.33191237901,0.753724759577,5.64736346505e-05,2.77733277382,0.633922849344,4.65942385515e-05,1.66148567316,-1.3181448863295724,5.2783111188419,6.79709466298,0.631859860316,5.25153174528e-05,1.39543206287,0.766008474478,5.67275172848e-05,3.95332638684,0.497555528293,5.14465184896e-12,1.32744393191,10.0,10.0,10.0,0.00826358321065,2.9313834901e-10,0.654833700901,0.0909042529844,1.71212835094e-05,0.809217956363,0.374209958987,1.23623985595,3.58082253034,0.297036001878,4.78926970614e-05,-1.96723613836,0.9831085899240892,0.8416074641811577,-0.731421269261,0.0268882350223,4.33533338147e-06,-0.178077765989,0.415974417279,0.00010100661909,10.4326412374
440,-0.1360728058528054,-2.8513205719883,3.11024909052,0.187418165089,0.36202998926,0.481249746229,0.518333344548,1.83514999401e-05,1.3481339421,0.875849567616,4.87779038899e-05,2.78018260822,0.706778024953,4.10916038655e-05,1.67270531231,-1.2451015063576503,5.811814212657305,6.81107223364,0.709449622977,4.63481288235e-05,1.40787540374,0.891977183508,4.89236654403e-05,3.9533438103,0.497555547796,8.55991210502e-12,1.34388597316,10.0,10.0,10.0,0.0175464571148,2.21307065897e-10,0.648007301496,0.132463040562,1.48763929061e-05,0.804989007065,0.431347756963,2.01422520722,6.0743158762,0.435724499509,4.00950979476e-05,-1.95042689185,0.9896778776054189,0.8109054906351829,-0.728981201226,0.0394425681523,3.62948063548e-06,-0.176556162655,0.534595694569,0.000145136282249,17.8168811609
450,-0.3037216384220844,-2.965231961983251,3.11469000645,0.227697701402,0.35788499818,0.473361307745,0.532706193662,1.68229994109e-05,1.36888320191,1.02696486975,4.18967357712e-05,2.78415967081,0.802025278329,3.59150646873e-05,1.6882968339,-1.1231720952380493,6.251539838545543,6.827436599,0.813505680294,4.04504053819e-05,1.42604078333,1.0470318247,4.19810444163e-05,3.95335889572,0.497555582056,1.45626552233e-11,1.36461624414,10.0,10.0,10.0,0.0333498132403,1.652115075e-10,0.63867971707,0.182619312342,1.28534628603e-05,0.799174397156,0.472799381086,-1.10953234589,-2.83380930281,0.603752507671,3.33461381459e-05,-1.92921644877,0.9946925081890734,0.7805522868747786,-0.726299920215,0.0546527667318,3.01855261276e-06,-0.174636155064,0.664935975859,-6.9876556572e-05,-8.38946569325
460,-0.46638688442878473,-3.0485301774177023,3.11826126827,0.261675263525,0.355011883346,0.463578037256,0.554494638602,1.52607056258e-05,1.39218270733,1.20707875803,3.58751260824e-05,2.79001832868,0.920559064254,3.11907962046e-05,1.70822039098,-0.9556557868168674,6.5731798016530245,6.84088290938,0.944488885563,3.50454738812e-05,1.45033535742,1.23134437664,3.5923070578e-05,3.95337197891,0.497555641266,2.49498785617e-11,1.38753055568,10.0,10.0,10.0,0.0580268048699,1.22613616774e-10,0.627095245737,0.24088753573,1.10731033037e-05,0.791893456051,0.506957617576,-0.84957944816,-1.06167348904,0.798740708075,2.76902065729e-05,-1.90696455552,0.9976267659122952,0.752373423850738,-0.724523488086,0.0723034505744,2.50656747815e-06,-0.172621873523,0.818348303743,-4.64670748296e-05,-3.18016570069
470,-0.6122242446672597,-3.101612112115262,3.11901855872,0.289112799386,0.353261279364,0.452603762233,0.585569729724,1.36828937246e-05,1.41530678159,1.41746438239,3.07006562264e-05,2.79877942689,1.06303873504,2.69729763535e-05,1.73142624468,-0.7557173405084092,6.775775718355954,6.84435826716,1.10200897326,3.02245096694e-05,1.47934182499,1.44645906748,3.07278220793e-05,3.95338332451,0.497555742359,4.26676112495e-11,1.40992074683,10.0,10.0,10.0,0.0944567105045,9.07924672763e-11,0.614107373237,0.307338104544,9.52850813487e-06,0.783650032372,0.553033433835,-0.393161441275,-0.498209980243,1.0201953496,2.30824116372e-05,-1.88828653695,0.9987195090077833,0.7288411338124976,-0.724973852617,0.0923499244377,2.08946156378e-06,-0.170931105569,1.03089718073,-1.85957913599e-05,-1.51262507023
480,-0.7339756619592452,-3.1315895419231152,3.11493722327,0.311235517298,0.35230604075,0.441452456716,0.627209647232,1.21479283332e-05,1.43566683288,1.66147584362,2.63244481011e-05,2.81147101233,1.23060381867,2.33007729643e-05,1.75607682099,-0.5441816171410987,6.888162501770109,6.83052904405,1.2861162908,2.60488676987e-05,1.51013763026,1.69601017715,2.63399997716e-05,3.95339313132,0.497555912203,7.24345889542e-11,1.42930145572,10.0,10.0,10.0,0.146694833985,6.73877313945e-11,0.60097291192,0.383007616093,8.20900306946e-06,0.775224426808,0.648692101538,-0.229043606228,-0.280867246234,1.27115391889,1.93893852165e-05,-1.8774073788,0.9985442913431122,0.7106409397605145,-0.728631049845,0.115067147095,1.75516214648e-06,-0.169946304537,1.39981854613,-9.35843818205e-06,-0.864887223443
490,-0.8316776525041674,-3.1473516787936973,3.10428721407,0.329513459896,0.351815106072,0.431052352238,0.679892086411,1.07029713964e-05,1.45161508422,1.9441766435,2.26197884569e-05,2.82870194239,1.42554332472,2.01260978363e-05,1.78027792693,-0.34005791854824796,6.946230554277008,6.79311593134,1.49878898266,2.24586042694e-05,1.53967496387,1.98528207365,2.26289243097e-05,3.9534015317,0.497556193582,1.21749043968e-10,1.4441257224,10.0,10.0,10.0,0.22065164022,5.01358203131e-11,0.588891998095,0.469735713162,7.0806652451e-06,0.767392988041,0.901638592633,-0.145417356894,-0.169582013012,1.55761303269,1.64065201061e-05,-1.87666324382,0.9976600795848833,0.6971384154009779,-0.735775163518,0.140997943118,1.4851478128e-06,-0.169878944096,2.25386442134,-5.13204789671e-06,-0.529398209569
500,-0.9091396050665351,-3.1550408342064493,3.08567096102,0.345031114802,0.351578014323,0.422160239514,0.743632708702,9.37456745564e-06,1.46204466052,2.27128677571,1.94761031593e-05,2.85018766899,1.6510742055,1.73904486995e-05,1.80229539828,-0.15616415407445272,6.974150744517964,6.72691125088,1.74366570989,1.9380834294e-05,1.56555326687,2.32009293631,1.94814677315e-05,3.95340858478,0.497556653503,2.02354641759e-10,1.45336607104,10.0,10.0,10.0,0.324526157669,3.73822117416e-11,0.578904069894,0.569671973744,6.11409942196e-06,0.760857457014,0.603422933652,-0.0802117253118,-0.088089905401,1.88669875428,1.39743081707e-05,-1.88671311296,0.9964472460930376,0.6876610440180692,-0.74606929886,0.170787376616,1.2649795984e-06,-0.17078867639,1.74704173201,-2.44603980552e-06,-0.27839856488
510,-0.9704087861225376,-3.158719988240114,3.05819848394,0.358498271778,0.351463015253,0.415463596532,0.817993559237,8.19522469688e-06,1.46587127984,2.64842984591,1.68305010369e-05,2.87451601635,1.91069420155,1.50644227295e-05,1.82038394942,1.3580513303690367e-05,6.987367505026029,6.628310629,2.02501190357,1.67736941502e-05,1.58582377862,2.70615570579,1.68336786059e-05,3.95341426159,0.49755739559,3.32411740891e-10,1.45599459676,10.0,10.0,10.0,0.469198380114,2.80326561126e-11,0.571994625162,0.684980569151,5.29458743554e-06,0.756303262694,0.0414518228614,-0.00486637137679,-0.00473771351719,2.26561691363,1.19861009779e-05,-1.90723891415,0.9951414788409445,0.6811180819914001,-0.758727329529,0.205087732325,1.08500349472e-06,-0.172646708961,0.138883193437,-1.2855015892e-07,-0.0151233035192
520,-1.0201565390512801,-3.1605164950333196,3.02214877516,0.370200638343,0.351402269873,0.411356062042,0.903189837076,7.16054597499e-06,1.46279339405,3.08091521029,1.45890845424e-05,2.89975388027,2.20826331854,1.30798628826e-05,1.83335429483,0.13006306612062923,6.993772733793353,6.49770188118,2.34753797895,1.45548608408e-05,1.59931251525,3.14879140621,1.45909868683e-05,3.95341841952,0.497558578138,5.39661748845e-10,1.45178524563,10.0,10.0,10.0,0.668307051403,2.11259139987e-11,0.568759421848,0.817500490155,4.59629350658e-06,0.754161403048,0.249274281701,0.0941169460666,0.090244282344,2.70043999555,1.03356069262e-05,-1.93668619864,0.9938551953283223,0.6765576872602084,-0.77262998393,0.244448702531,9.35597794112e-07,-0.175312330304,0.965257548736,2.15866819399e-06,0.290122205731
530,-1.0627458317479728,-3.1614021456201358,2.97917884162,0.380230885952,0.351363551695,0.410117914732,0.999917139592,6.26370888083e-06,1.4528255955,3.57295733553,1.2691157538e-05,2.9240286709,2.54737173842,1.13914143778e-05,1.84023499447,0.23997782312851257,6.996913542366245,6.34030087092,2.71575325012,1.26704989491e-05,1.60501471529,3.65213374963,1.26923075897e-05,3.95342076266,0.497560440136,8.65987546025e-10,1.44083794525,10.0,10.0,10.0,0.93816545088,1.60202289067e-11,0.569592223382,0.96858941295,4.00252781461e-06,0.754713338548,0.340026324758,0.220112482505,0.194050696606,3.19550554401,8.95791163907e-06,-1.97324538437,0.9926050035557166,0.6733626418429903,-0.786639359302,0.289262929541,8.10886330067e-07,-0.178621733784,1.51886698573,4.39680491863e-06,0.626186017836
540,-1.1022723310482387,-3.1618362698085134,2.93249683673,0.388576732446,0.351328789506,0.411753960042,1.10937049572,5.48747481541e-06,1.43676842114,4.12713761841,1.10755654613e-05,2.94587176836,2.93101752567,9.94918825555e-06,1.84069716832,0.3384844164040537,6.9984472168383025,6.16698781874,3.13350297027,1.10628706418e-05,1.6026265782,4.21853178418,1.10762709583e-05,3.95342078286,0.497563338351,1.37390985159e-09,1.42404168689,10.0,10.0,10.0,1.2971506405,1.22180746924e-11,0.57443415935,1.13892521287,3.49543626639e-06,0.757914348294,0.388951952307,0.370589203988,0.299367252208,3.75266607493,7.79727098067e-06,-2.01450847434,0.9913370012655881,0.6711472920007209,-0.799697194089,0.339698106442,7.05823042781e-07,-0.182356943165,1.99907572607,6.46539832803e-06,0.966276705864
550,-1.1427264097146659,-3.1620498608506495,2.88628365574,0.395184843678,0.351283965163,0.415994460991,1.23312457682,4.81319864072e-06,1.41616984846,4.74360070577,9.68832168911e-06,2.96432123841,3.36126275186,8.70779224857e-06,1.83510037273,0.43516536021154373,6.999199792284088,5.99240949506,3.60391106856,9.68034974666e-06,1.59257907462,4.84777456681,9.68876322919e-06,3.95341767481,0.497567799594,2.15574325977e-09,1.40301121004,10.0,10.0,10.0,1.76443427518,9.35691686093e-12,0.582766720323,1.32832009515,3.05890778889e-06,0.763391590419,0.416864245665,0.538311388835,0.397851701209,4.370553551,6.80803808128e-06,-2.05763020568,0.9899432654866597,0.6696258234831539,-0.810954630034,0.395630396026,6.16275895222e-07,-0.186260400118,2.45703863233,8.21971012229e-06,1.28025334029
560,-1.1875190243211644,-3.1621595656139783,2.84516309264,0.400000454103,0.35121390255,0.422506329546,1.37248564039,4.23299365074e-06,1.39265352948,5.41765961509,8.50313948194e-06,2.97851095934,3.837475893,7.64563687337e-06,1.82397296267,0.539093373851316,6.999585594017503,5.83334161504,4.12729655553,8.49810019466e-06,1.57558423864,5.53464905046,8.50342277039e-06,3.95341021586,0.497574593655,3.34636766248e-09,1.37940369516,10.0,10.0,10.0,2.35620074648,7.21058884997e-12,0.593886197093,1.53499209981,2.68525396378e-06,0.770640121648,0.431085065936,0.70889977115,0.48056619314,5.04212836095,5.96668696685e-06,-2.09971913367,0.9882898963577191,0.6685355249601612,-0.819758998023,0.456422559975,5.40115273754e-07,-0.190070365848,2.90083824699,9.50415211064e-06,1.53704466167
570,-1.238851536546513,-3.162214769669752,2.8131278334,0.403064000165,0.351097959422,0.430801322032,1.52876275001,3.73514677525e-06,1.36797774893,6.14205387781,7.49119063313e-06,2.98778288263,4.35749984885,6.73772187107e-06,1.8082524982,0.6572652548330522,6.999779474135302,5.7050829163,4.70231343214,7.48790391174e-06,1.55294652207,6.27128457214,7.49137733382e-06,3.9533965985,0.497584834033,5.14085828827e-09,1.35497072312,10.0,10.0,10.0,3.08476995854,5.59606525288e-12,0.606837209068,1.75635131979,2.36560040009e-06,0.778997566792,0.43504590889,0.862029484398,0.540322137389,5.7573307981,5.2504941992e-06,-2.13797706256,0.9862485879201814,0.6677830639917539,-0.825740418097,0.521163975484,4.75284211741e-07,-0.193533542624,3.32420152531,1.0184743006e-05,1.71327354846
580,-1.2982388837379708,-3.162243242616999,2.7926169935,0.404440617302,0.35090351878,0.439991632258,1.70311428857,3.30247523243e-06,1.34445459648,6.90542081892,6.61414370402e-06,2.99205612422,4.91634524407,5.95030903891e-06,1.7898429616,0.796404709366485,6.999879377439573,5.61814598432,5.32404290167,6.61194920573e-06,1.52727850879,7.04583616914,6.61427046057e-06,3.95337419944,0.49760011573,7.8185812682e-09,1.33194550972,10.0,10.0,10.0,3.95361408527,4.35967876939e-12,0.620181333959,1.98836970538,2.08798437959e-06,0.787515926162,0.430721049272,0.977857168418,0.573518071887,6.50094837488,4.63064706414e-06,-2.16952502299,0.9836853014097329,0.667253773569425,-0.828861410619,0.588477580719,4.19174530289e-07,-0.196389320944,3.71324276901,1.02030454363e-05,1.80001825818
590,-1.3651325577283562,-3.162258257159085,2.78428694761,0.40435789608,0.350579976648,0.449535281943,1.89581706998,2.92981788016e-06,1.32308909138,7.6946362234,5.85917765964e-06,2.99123169863,5.50672561879,5.27227559297e-06,1.76990310365,0.9583359148564519,6.999932024063746,5.57684179045,5.98455012635,5.85766087617e-06,1.50033160044,7.84483769126,5.8592672303e-06,3.95333926418,0.497622701917,1.17757770743e-08,1.31124469204,10.0,10.0,10.0,4.95813938478,3.41641344927e-12,0.633033288047,2.2266879855,1.84835425427e-06,0.795633890711,0.420340267668,1.04602509207,0.582915629837,7.25681196303,4.09691601839e-06,-2.19314446417,0.980535013950159,0.666881166434326,-0.829336096729,0.656899717007,3.70860232675e-07,-0.198527395392,4.05890894577,9.67063698125e-06,1.80913121003
600,-1.4385114178134668,-3.1622662484512563,2.78697163573,0.403075553353,0.350046122455,0.458725241475,2.10694568318,2.60608078554e-06,1.30492359735,8.49722900448,5.20229609452e-06,2.98587878121,6.12084568393,4.68232357737e-06,1.75003524356,1.1437307947041777,6.999960031106836,5.57858475826,6.67467986645,5.20121521531e-06,1.47433185499,8.65571551705,5.20236151149e-06,3.95328647939,0.497655774466,1.75691526528e-08,1.29380756021,10.0,10.0,10.0,6.08689455662,2.68641675889e-12,0.644464301626,2.46716326104,1.63902921234e-06,0.802785339693,0.405563965261,1.06548880448,0.573085700428,8.00955537122,3.63151885866e-06,-2.20827412623,0.9767583245725735,0.666619804981057,-0.827618430461,0.725039408974,3.28731641761e-07,-0.199896959709,4.35296991618,8.74833063315e-06,1.75865739198
610,-1.5162469181838094,-3.162270610960358,2.79854033199,0.400910712719,0.349175551107,0.467142683425,2.33554456984,2.32577909612e-06,1.29015557975,9.30146273211,4.63096841053e-06,2.97671114958,6.74983678749,4.16939685494e-06,1.73123900268,1.3498071469714539,6.999975315169568,5.61650306272,7.38337903833,4.63017132807e-06,1.45066417815,9.46684637227,4.63101795651e-06,3.95320839747,0.497703767025,2.59734692291e-08,1.27975407223,10.0,10.0,10.0,7.32287912616,2.11950342876e-12,0.654053324671,2.70608187721,1.45585144461e-06,0.808735633363,0.388188878109,1.04555141464,0.550631575282,8.74593954145,3.22477010586e-06,-2.21554603953,0.9723937090694234,0.6664357711141851,-0.824234526572,0.791698233193,2.91912010501e-07,-0.200555226428,4.59463730873,7.6442257321e-06,1.67160250872
620,-1.59608359697464,-3.16227306569228,2.81636163433,0.398171450767,0.34777316092,0.474516951886,2.57973572877,2.08400870406e-06,1.27867650144,10.0974652327,4.13383059563e-06,2.96470837435,7.38511900552,3.72346363317e-06,1.71422985284,1.5718734670015122,6.99998391325777,5.68096273984,8.09987182924,4.13322475892e-06,1.43017356718,10.2685044382,4.13386902916e-06,3.95309467248,0.497772803607,3.80560911947e-08,1.26893016549,10.0,10.0,10.0,8.6467963607,1.67681966404e-12,0.661670194469,2.94054354851,1.29492071728e-06,0.8134311246,0.369583956131,0.997775886049,0.52094388857,9.45612483251,2.86774095095e-06,-2.21620995621,0.967524973421784,0.666305412823629,-0.81972223988,0.855985487581,2.59593086982e-07,-0.200615325363,4.78614093316,6.51470860558e-06,1.56593912895
630,-1.67528447581982,-3.1622744919765924,2.83764183138,0.395164319813,0.345540749749,0.480705178294,2.8368759116,1.8761112311e-06,1.27015703611,10.8799934303,3.69981308286e-06,2.95104082866,8.02003832632,3.33475779617e-06,1.69947432576,1.8025932676371976,6.999988908210598,5.76101233211,8.81531675255,3.69933576684e-06,1.41326776339,11.0558346613,3.69984396431e-06,3.95293107531,0.497871270568,5.52704376578e-08,1.26097685692,10.0,10.0,10.0,10.0440377455,1.32778309666e-12,0.667400944636,3.16923299009,1.15229470912e-06,0.816946108771,0.351068342489,0.935855389177,0.488999282799,10.1366285284,2.55152773813e-06,-2.21191352273,0.9623121425863194,0.6662133462381289,-0.814613002199,0.917585910407,2.30968896211e-07,-0.200226404449,4.93722577158,5.47252704986e-06,1.45726221697
640,-1.7525973398824526,-3.162275325412186,2.86001851162,0.392082019402,0.342027913981,0.485639379693,3.10400202864,1.69794393112e-06,1.26435330458,11.6451951801,3.31851231693e-06,2.93689824721,8.64998795227,2.99414731286e-06,1.68725171314,2.0366143885431516,6.999991826590005,5.84687553437,9.52435653657,3.3181283958e-06,1.39999018915,11.8252286599,3.3185377847e-06,3.9526983812,0.498010554422,7.9559534193e-08,1.25564165035,10.0,10.0,10.0,11.5023044294,1.04874385991e-12,0.671409600552,3.39150474413,1.02408195957e-06,0.819395875357,0.332943951047,0.865225506191,0.456316890393,10.785999416,2.26740606757e-06,-2.20413893269,0.9568515527827096,0.6661487101723678,-0.809322836056,0.976368135228,2.05249689769e-07,-0.199522634527,5.05011777281,4.54273446958e-06,1.35008557429
650,-1.8257087068490998,-3.162275857650868,2.881795956,0.38910308844,0.336594470076,0.489359297052,3.37674166742,1.54889261707e-06,1.26080265022,12.3862687644,2.98605733458e-06,2.92308188974,9.26650566518,2.69841780222e-06,1.67756402268,2.266238071306808,6.9999936901507205,5.93150258718,10.2166047301,2.98574026013e-06,1.39013115173,12.5699872288,2.98607873027e-06,3.95237160232,0.498205983953,1.13429313756e-07,1.25247018811,10.0,10.0,10.0,13.0005386598,8.24958952752e-13,0.67392861126,3.60562597336,9.08272510182e-07,0.820931550898,0.316200238142,0.795223183389,0.426199145804,11.4010583925,2.01085291584e-06,-2.19426792607,0.9513517007121579,0.6661020000119677,-0.804191188446,1.03204438392,1.82026035412e-07,-0.198629093191,5.13798773264,3.76281702901e-06,1.25373731889
660,-1.8942290389399796,-3.1622761625894706,2.90153762499,0.386322603902,0.328319206064,0.491841528003,3.65361428859,1.42399933889e-06,1.25938586476,13.1108888576,2.68957495622e-06,2.91058554114,9.8738198501,2.43628676589e-06,1.67053106232,2.487476464979216,6.99999475778443,6.00869325548,10.8967520238,2.68930744637e-06,1.38358219848,13.297999046,2.68959324019e-06,3.95192168698,0.498478015794,1.597894134e-07,1.25134913946,10.0,10.0,10.0,14.5502561061,6.39807593218e-13,0.67508662074,3.81447979495,7.99879736722e-07,0.82163655027,0.300663215514,0.726573083006,0.398531057163,11.9922087114,1.77079903451e-06,-2.18331164982,0.9458896250853105,0.6660720101045972,-0.799489168092,1.08555637778,1.6029592479e-07,-0.19763731129,5.20571480646,3.10400623947e-06,1.16743202154
670,-1.9569104072470238,-3.1622763316601934,2.91867928266,0.383815253368,0.316223069778,0.49326306412,3.92948394371,1.32438648514e-06,1.25961663045,13.8127692912,2.42906721898e-06,2.89972932609,10.4647688146,2.2079830446e-06,1.66580726792,2.694590641332452,6.99999534971238,6.07596291301,11.5571741966,2.42883729521e-06,1.37974614427,14.0033548535,2.42908322091e-06,3.95132690453,0.498853707512,2.20828038419e-07,1.25179366973,10.0,10.0,10.0,16.132576654,4.87504432529e-13,0.675159989845,4.01653789401,6.98215176382e-07,0.821681197208,0.286670321263,0.660178732426,0.817752387864,12.5571675733,1.54569059433e-06,-2.17212660335,0.9406247972397814,0.6660546770426896,-0.795350188166,1.13669747368,1.39918702479e-07,-0.196624820694,5.26050268162,2.5560664401e-06,2.38869911299
680,-2.0136664983395094,-3.1622763925320228,2.93306633578,0.381597397435,0.299669193587,0.493721902327,4.20375923899,1.24599341123e-06,1.26128082002,14.4982088313,2.19762263881e-06,2.89070959564,11.0430822335,2.00716785422e-06,1.66319489708,2.8856439508074994,6.999995562841546,6.132562879,12.202201839,2.19742155099e-06,1.3782873953,14.6921437442,2.19763679187e-06,3.95059980633,0.499368565894,2.95307811111e-07,1.25361449897,10.0,10.0,10.0,17.757892416,3.61785856026e-13,0.674296763339,4.21401143995,6.0148637227e-07,0.821155748527,0.274166957574,0.595242207782,0.766365231827,13.1045560729,1.3315441886e-06,-2.16114052037,0.935627990150914,0.6660493270849196,-0.791833864129,1.18624806866,1.2053378331e-07,-0.195630340634,5.3090925192,2.09503984211e-06,2.23508380736
690,-2.064851608335373,-3.16227637658239,2.94491334434,0.379642913882,0.279614535398,0.493371576602,4.47379950708,1.18314824298e-06,1.26412317073,15.1642178662,1.99319372702e-06,2.88352846255,11.6056376972,1.83107083171e-06,1.66240083488,3.060485299729395,6.999995507034333,6.17924136391,12.828468428,1.99301555452e-06,1.37881166573,15.3615780937,1.9932064132e-06,3.9498342785,0.500068700847,3.73910463345e-07,1.25655965654,10.0,10.0,10.0,19.4128193703,2.62137876402e-13,0.672697399067,4.40599811284,5.11994019889e-07,0.820181320847,0.262999263469,0.53361929966,0.720764990876,13.6327305402,1.13343641779e-06,-2.15060035651,0.9309259707797051,0.6660531347225649,-0.788908148155,1.23405937477,1.02600710324e-07,-0.194676225977,5.35227495462,1.71337153623e-06,2.10108831233
700,-2.1105859074306403,-3.162276298046485,2.95445430986,0.377939535278,0.258308304329,0.492334967064,4.73914832998,1.12734769629e-06,1.26796233341,15.814008094,1.81183207643e-06,2.87814635983,12.1541079829,1.67483346448e-06,1.66321555674,3.2187554121271784,6.999995232131525,6.21692024844,13.4378803177,1.81167220874e-06,1.38103960006,16.0148994943,1.81184356874e-06,3.94916253883,0.501013590961,4.43565846231e-07,1.26045664616,10.0,10.0,10.0,21.1004069068,1.87162999517e-13,0.670530350687,4.59351792277,4.32623392244e-07,0.818859176347,0.253158004647,0.478767678853,0.680256819212,14.1463295306,9.57744511951e-07,-2.1407098289,0.9265630085090859,0.6660644831281799,-0.786547917137,1.28055128239,8.66967618937e-08,-0.193780917566,5.3954743125,1.4060842012e-06,1.9839755571
710,-2.1508529297588557,-3.1622761687768364,2.96161206004,0.376483325808,0.237667632755,0.490651559794,4.99684307275,1.07348082751e-06,1.27276927192,16.4449128314,1.65079779476e-06,2.87474511312,12.6859601238,1.53524260559e-06,1.66560751003,3.3591955056948697,6.999994779623899,6.24528328111,14.0284552535,1.65065317243e-06,1.3848471976,16.6492969039,1.65080826104e-06,3.94866197619,0.502279178169,4.96783234901e-07,1.26528554859,10.0,10.0,10.0,22.8106770862,1.33135572328e-13,0.667869650111,4.77605245848,3.64877475775e-07,0.817232922802,0.244429873362,0.431599048368,0.6439978886,14.6453170583,8.0778865268e-07,-2.13168762551,0.9225847941421569,0.6660813838448578,-0.78479153939,1.32572053405,7.31224868511e-08,-0.192964211431,5.43741523173,1.16190967362e-06,1.88092720777
720,-2.1847580001764406,-3.1622759641403873,2.96647965657,0.375311534402,0.218224374314,0.488395793984,5.2510004786,1.01855519529e-06,1.27829232553,17.0793095684,1.50445063405e-06,2.87322352448,13.2150587711,1.40718725795e-06,1.66943430921,3.479363560477392,6.999994063278841,6.26479307373,14.6139927478,1.50431746383e-06,1.3901376598,17.2880365483,1.5044603392e-06,3.94833931616,0.503961294418,5.3321509869e-07,1.27078146385,10.0,10.0,10.0,24.5992587829,9.42996979858e-14,0.664786971588,4.9597639846,3.07082558908e-07,0.815344694953,0.301331876996,0.39605510439,0.612555855373,15.1519892916,6.79863942492e-07,-2.12371882231,0.9191475767099377,0.6661061753212582,-0.783668461043,1.37158541912,6.15425111884e-08,-0.192242860982,6.98279111228,9.77287589147e-07,1.79320485068
730,-2.2175244949770843,-3.162275717874873,2.97030472576,0.374172074252,0.200233129542,0.485698155931,5.49876742124,9.65396314947e-07,1.28478918946,17.6858425603,1.3751031494e-06,2.87290923987,13.7262317051,1.2930848232e-06,1.67432588127,3.5943423738679883,6.999993201177453,6.28013202748,15.1819143358,1.37498145244e-06,1.39641792359,17.8977909679,1.37511203382e-06,3.94816502454,0.506179352815,5.56190199483e-07,1.2772541077,10.0,10.0,10.0,26.3782144325,6.70387486886e-14,0.661321877638,5.13597258876,2.58918420914e-07,0.813216992959,0.291829083524,0.359957186183,0.581611543914,15.6315981227,5.7325453955e-07,-2.11578776827,0.9157085861453905,0.6661333164630655,-0.782784575509,1.41500047617,5.18920356104e-08,-0.191524927655,7.02416608331,8.16192758867e-07,1.70760682968
740,-2.2447146567838128,-3.1622753967803163,2.9724196923,0.373254026242,0.18343358207,0.482635978321,5.73889663913,9.14146391854e-07,1.29169237408,18.2843207794,1.25973856901e-06,2.87398076985,14.2255187041,1.19054900635e-06,1.68019230572,3.6911739272030113,6.999992077105711,6.28890051767,15.7346638521,1.25962590601e-06,1.40370399871,18.5005557477,1.25974686943e-06,3.94811086828,0.509079726141,5.69009769195e-07,1.28408292471,10.0,10.0,10.0,28.1932553104,4.76927371377e-14,0.657593285439,5.3097321317,2.18386668864e-07,0.810921257237,0.283567454355,0.33267127355,0.554819980455,16.1090493423,4.8353982856e-07,-2.10877056212,0.9127963653582226,0.6661664102844425,-0.782397128274,1.45822022234,4.37708980419e-08,-0.190889717489,7.07358163838,6.94508319377e-07,1.63465444228
750,-2.2675879071448217,-3.1622749384907958,2.97285724643,0.37250833641,0.167434392811,0.479154521225,5.97485305351,8.63947372436e-07,1.29923313926,18.8849474067,1.15444237934e-06,2.87652085105,14.722831145,1.09627698265e-06,1.68715149995,3.7731115213829582,6.999990472698723,6.29119273602,16.2846562152,1.15433702811e-06,1.41207546788,19.1056364587,1.1544501672e-06,3.94816114125,0.512838981641,5.73871919974e-07,1.29153050341,10.0,10.0,10.0,30.0783947753,3.36922438029e-14,0.653520696073,5.48437733707,1.83554470942e-07,0.808406269194,0.27612557954,0.309685217562,0.530569067003,16.5933415977,4.06442556684e-07,-2.10246575362,0.9102970362460795,0.6662094821409537,-0.782484710055,1.50205923142,3.67919138357e-08,-0.190318994843,7.12874116529,5.95327090791e-07,1.56967912789
760,-2.288444621588827,-3.1622743778859697,2.97256936715,0.371810644345,0.15248841735,0.475417466706,6.20546497121,8.16505540851e-07,1.30728969465,19.4691956068,1.06070631415e-06,2.8798163935,15.2068153485,1.01180421053e-06,1.69479753335,3.847986727800744,6.999988510035569,6.29069458752,16.8198259145,1.06060791648e-06,1.42114201523,19.6942680723,1.0607136168e-06,3.94830429619,0.517665635858,5.72691782913e-07,1.29947948064,10.0,10.0,10.0,31.9683471383,2.38049173892e-14,0.649211065526,5.65405581316,1.54288422732e-07,0.805736349885,0.26904291232,0.28878682544,0.507732164228,17.063064356,3.41663639429e-07,-2.09630683428,0.9079742663307022,0.6662573695262825,-0.782777791931,1.54457938332,3.09280093237e-08,-0.189761478349,7.17422020398,5.12375946733e-07,1.50892402816
770,-2.3062302436033137,-3.162273605939591,2.97115912947,0.371215076719,0.138188930484,0.471431115538,6.43208430661,7.71250293366e-07,1.31578532995,20.0520123414,9.7572656596e-07,2.88410454753,15.6871572908,9.34773161025e-07,1.70316773484,3.912028226799463,6.999985807357925,6.28586793223,17.3507798944,9.75634120691e-07,1.43091167817,20.2815692707,9.75733438116e-07,3.94853285662,0.523800882713,5.67133928266e-07,1.30785581856,10.0,10.0,10.0,33.9109311707,1.66862590001e-14,0.644690587322,5.82330929719,1.29175303368e-07,0.802926265184,0.26253771717,0.269853873643,0.48676268223,17.5348732686,2.86077468693e-07,-2.09061239058,0.9059607365235509,0.666316805014473,-0.783383568139,1.58728837768,2.58962488189e-08,-0.189246007026,7.2218893565,4.42333432861e-07,1.45374947684
780,-2.3215581989385483,-3.1622725820009894,2.9689756214,0.370684866938,0.124717411912,0.467311456839,6.65444383536,7.28553926634e-07,1.32455416367,20.628958649,8.99376205431e-07,2.8890644267,16.16098429,8.65156970624e-07,1.71200615208,3.967374071313982,6.999982222253189,6.2780671572,17.874236948,8.99289043054e-07,1.4411300454,20.8634347905,8.99382718612e-07,3.94884944414,0.531515748485,5.58067925049e-07,1.3164842061,10.0,10.0,10.0,35.8876754874,1.16424398395e-14,0.640064144083,5.99063231115,1.07900138274e-07,0.800040089047,0.256524024645,0.252353552936,0.46748005954,18.003667354,2.38985839426e-07,-2.08527004276,0.9042008645104412,0.6663873891101145,-0.784200576226,1.62972446443,2.16334295401e-08,-0.188762408059,7.26960356224,3.82841676742e-07,1.40340586257
790,-2.334615189153468,-3.1622711556105356,2.96594171999,0.370211545439,0.111866866773,0.463018594716,6.87474156833,6.87837187047e-07,1.33369189628,21.2075839611,8.29780091588e-07,2.89478402916,16.634177541,8.01339686382e-07,1.7214170722,4.014631532419699,6.9999772277450045,6.26699566811,18.3966253753,8.2969755809e-07,1.45191714566,21.446894693,8.29786264179e-07,3.94926007066,0.541105965624,5.46210351303e-07,1.32547966653,10.0,10.0,10.0,37.9229909271,8.03593198071e-15,0.63528569554,6.15816457454,8.96433599365e-08,0.797048113692,0.250915016532,0.235946840469,0.449537162852,18.4760936341,1.98575232571e-07,-2.08024216603,0.9026834205139191,0.6664745288104414,-0.785246409554,1.67248934401,1.79753884689e-08,-0.188307275582,7.31885023998,3.31547450464e-07,1.35695854701
800,-2.345583527832282,-3.1622692485154458,2.96219666118,0.369774133578,0.0999223307892,0.458611076601,7.08962278714,6.49623025586e-07,1.34310715966,21.7756247588,7.67318456279e-07,2.90110986295,17.0971274387,7.43730237698e-07,1.73128076682,4.0544987631213445,6.999970549583823,6.25320560899,18.9074514719,7.67240158184e-07,1.46314098034,22.0200628124,7.67324328894e-07,3.94977347175,0.552883214916,5.32225453248e-07,1.33473526387,10.0,10.0,10.0,39.9686384423,5.52275769486e-15,0.630411443995,6.32207548533,7.43152588292e-08,0.793984536371,0.245695018106,0.220832846543,0.432905677677,18.940835503,1.6464625128e-07,-2.07550206701,0.9013968951032458,0.6665772000278636,-0.786480082194,1.71455861681,1.49040758426e-08,-0.187878193264,7.36604510887,2.88000992348e-07,1.31424296473
810,-2.354891958784582,-3.1622665888028205,2.95788309953,0.369357012136,0.0886827094013,0.454124653829,7.30356768129,6.13340253784e-07,1.35277576945,22.3445334616,7.10406924173e-07,2.9079250932,17.5594540922,6.90946870265e-07,1.74152288108,4.0884571185488126,6.999961235174403,6.23724819118,19.4172445493,7.10332426301e-07,1.4747363143,22.5939649149,7.1041250593e-07,3.9504012486,0.567153656784,5.16555210588e-07,1.34424639046,10.0,10.0,10.0,42.0644017526,3.75463058919e-15,0.625472945549,6.48570749823,6.12750405075e-08,0.790868475506,0.240779804501,0.206158277182,0.417351603664,19.4073540598,1.35781034388e-07,-2.07097532211,0.9002965235223901,0.6667025377733079,-0.787856752604,1.75678871861,1.22911443095e-08,-0.187468424145,7.41388665563,2.49781520511e-07,1.27451850713
820,-2.3632453686699515,-3.1622628416835923,2.95315668295,0.36892788573,0.0782098507204,0.449547991603,7.51856573566,5.7862381239e-07,1.36278468136,22.9161852368,6.58218436307e-07,2.91517584611,18.0237013285,6.42255026621e-07,1.75216720954,4.118886744309111,6.999948111236648,6.21970788121,19.9288941197,6.58147453103e-07,1.48674659802,23.1710582963,6.58223775958e-07,3.95115480414,0.584251864363,4.99296212993e-07,1.35407985523,10.0,10.0,10.0,44.2151324281,2.52312018418e-15,0.62044490233,6.64944602415,5.02306697565e-08,0.787683249999,0.235993122085,0.191762934161,0.402418870421,19.8752886872,1.11333054721e-07,-2.06648127307,0.8992999781611548,0.6668555328005925,-0.789326104653,1.79914700568,1.00780690629e-08,-0.187061614714,7.45861521302,2.15966829626e-07,1.23642779937
830,-2.3696586665195505,-3.162257660032917,2.9478061893,0.368520780294,0.0687747308251,0.444951426665,7.72958244268,5.45908288082e-07,1.37291055606,23.4820148,6.11103172161e-07,2.92288473108,18.4809579762,5.98021688209e-07,1.76309458906,4.1425218553924195,6.999929960801618,6.19979486015,20.4324200847,6.11035324605e-07,1.49900949151,23.7422581468,6.11108277727e-07,3.95204596277,0.604428778591,4.80967323952e-07,1.36403055463,10.0,10.0,10.0,46.3845046555,1.69157659645e-15,0.615426839431,6.81061705395,4.11287806342e-08,0.784491452746,0.231593800215,0.17891678585,0.388722816161,20.3396898207,9.11842710083e-08,-2.0623316425,0.8985338993796624,0.6670381893243938,-0.790946104596,1.8411854345,8.25416479385e-09,-0.186685982665,7.50526935838,1.87621626732e-07,1.20179535114
840,-2.3750451408233664,-3.1622503011873526,2.94201601421,0.368102098536,0.0601391151098,0.440343054925,7.93915591432,5.1499660358e-07,1.3832452734,24.045431763,5.6816431229e-07,2.93099101283,18.9360994423,5.57490150224e-07,1.7742778746,4.162172146813385,6.999904179984268,6.17815996767,20.9336933704,5.68099454651e-07,1.51149704783,24.3112138169,5.68169207903e-07,3.95307968216,0.627906777613,4.62070957244e-07,1.37418298798,10.0,10.0,10.0,48.5867262975,1.12405733631e-15,0.610415532281,6.97041794281,3.35269643169e-08,0.781290939587,0.227354905749,0.165926060163,0.375700135055,20.8018626909,7.43554520477e-08,-2.05833600512,0.8978835373000954,0.6672601496110104,-0.792647484008,1.88302215691,6.73078972652e-09,-0.186324290358,7.54935294753,1.6220591031e-07,1.16890135703
850,-2.3796306455965768,-3.1622396357559674,2.93602990818,0.367666797366,0.0523690254817,0.435797441396,8.15339693319,4.85293932619e-07,1.39363210583,24.6221523901,5.28485677364e-07,2.93925762755,19.4014712412,5.19808384715e-07,1.78553197357,4.178853669826843,6.999866807923741,6.15576895729,21.4462880354,5.28423497915e-07,1.52401890672,24.893415824,5.28490366704e-07,3.95426065346,0.654923068694,4.42333865669e-07,1.38439586147,10.0,10.0,10.0,50.8836378401,7.4102958263e-16,0.605486710264,7.13327679542,2.72218585447e-08,0.778130265614,0.22329244952,0.153172118685,0.363424826396,21.2746752575,6.03968706427e-08,-2.05446527557,0.8973264421720428,0.6675338089657611,-0.794370485999,1.92582200383,5.46723374334e-09,-0.185973904933,7.59667552793,1.39616862718e-07,1.13788166069
860,-2.3835990882784808,-3.1622257242188674,2.92983446597,0.367187051358,0.0457407591685,0.431205583513,8.36193555523,4.57682786442e-07,1.4042932569,25.1755928443,4.92965578732e-07,2.9477510268,19.8481872957,4.85871757453e-07,1.79709761524,4.193545636899989,6.999818051268518,6.13262994411,21.9371981025,4.9290606562e-07,1.53690184383,25.4525288325,4.92970084162e-07,3.95557627088,0.68553616587,4.22621014719e-07,1.39486560307,10.0,10.0,10.0,53.1149056347,4.9391253406e-16,0.600498721642,7.28799736791,2.22241430445e-08,0.774918525809,0.219321284946,0.142707263734,0.351632990057,21.7244966764,4.93309922646e-08,-2.05052327055,0.8968465020734279,0.6678384660578165,-0.796132331211,1.96654065057,4.4655304593e-09,-0.185617067523,7.6333733766,1.215857307e-07,1.10809285938
870,-2.3860756571956907,-3.1622047192388036,2.92288761492,0.366726668404,0.0396447985166,0.426537437564,8.57483324795,4.3094415094e-07,1.41524140018,25.7485312738,4.59525981683e-07,2.95679432684,20.3082469731,4.53773772883e-07,1.8090995009,4.202931635762982,6.999744414999919,6.1066251373,22.4423236133,4.59468711514e-07,1.5502270471,26.0311084853,4.5953030747e-07,3.95701444766,0.719840920246,4.0257430566e-07,1.40562859908,10.0,10.0,10.0,55.4663846051,3.23631817387e-16,0.595441662831,7.44757575356,1.79897697981e-08,0.771648665411,0.215573066206,0.13271892418,0.340493565815,22.1928277765,3.99552986601e-08,-2.04681186394,0.8965495893769877,0.668229089805787,-0.798058851157,2.00893482706,3.61682575165e-09,-0.185281104297,7.67682799502,1.05605641351e-07,1.08015539265
880,-2.3880560815659826,-3.162176071924827,2.91579720302,0.366238225036,0.0344879902224,0.421967512269,8.78613201965,4.05920234513e-07,1.42619536603,26.3152877891,4.29200961009e-07,2.96591635968,20.7639806887,4.24510365094e-07,1.82106888576,4.210198908356215,6.999643955036042,6.08001798762,22.9431960709,4.29145916068e-07,1.56345595189,26.6036399313,4.29205122945e-07,3.95854382865,0.757775296935,3.82843102421e-07,1.41639369028,10.0,10.0,10.0,57.8293849931,2.14344513168e-16,0.5904875963,7.60456343212,1.46405093207e-08,0.768431907393,0.211935870261,0.123368112074,0.32990501121,22.6545182764,3.25384654023e-08,-2.04317470084,0.8963077413790294,0.6686786910767474,-0.799975552802,2.05072788444,2.94544061821e-09,-0.184951861729,7.71667053881,9.18345478651e-08,1.05348937876
890,-2.3894948511203102,-3.1621373602501093,2.90869816878,0.365724699879,0.0301006424084,0.417499113404,8.99783051261,3.82532538919e-07,1.43707085916,26.8797285877,4.01589427112e-07,2.97495632305,21.2172287248,3.97744886553e-07,1.83296080059,4.215709045223377,6.999508153824422,6.05341211505,23.440322704,4.01536427386e-07,1.57662159049,27.1738277996,4.01593433021e-07,3.96012765269,0.799223183263,3.63671309031e-07,1.42708474644,10.0,10.0,10.0,60.212394823,1.43337801449e-16,0.585622116343,7.75966460763,1.19723765999e-08,0.765259509149,0.208467477465,0.115596540084,0.319974591375,23.1121332533,2.66290967349e-08,-2.03955453341,0.8961355058202245,0.6691949706181136,-0.801868566838,2.09215201811,2.41051390038e-09,-0.184624157639,7.75607221819,8.06239952083e-08,1.02845085883
900,-2.3907716033921873,-3.1620852354688975,2.90157109579,0.365177590249,0.02633871149,0.413039918979,9.21213178533,3.6046359833e-07,1.44810629629,27.44467382,3.76117275975e-07,2.98397631507,21.6713170323,3.72954605792e-07,1.84497219091,4.220756243205826,6.999325226748308,6.0267551678,23.9377788577,3.76066224169e-07,1.58994195439,27.7445677856,3.76121133883e-07,3.96172537018,0.844029262862,3.4499790284e-07,1.4379344619,10.0,10.0,10.0,62.6294860712,9.64941533454e-17,0.580715880543,7.91387933135,9.8231437608e-09,0.762047164251,0.205029860156,0.108876576879,0.310327940616,23.5675022238,2.1868109511e-08,-2.03574934671,0.8959849920656598,0.669787969421492,-0.803746426851,2.13337283923,1.97954074357e-09,-0.184279705271,7.79143219839,7.1204150196e-08,1.00398119555
910,-2.3912964379203716,-3.162013546969599,2.89397368427,0.364632616293,0.0230838300306,0.408596763684,9.42559739958,3.39695302002e-07,1.45925191971,28.0116608957,3.52586495741e-07,2.99323905743,22.1265206287,3.49977476183e-07,1.85711372993,4.222763284431645,6.999073518076887,5.99822117705,24.4367390094,3.52537280048e-07,1.60336144727,28.3173673119,3.52590214551e-07,3.96329188628,0.892073381951,3.26985262706e-07,1.44889556182,10.0,10.0,10.0,65.0934486537,6.52673418794e-17,0.575793617494,8.06805110629,8.07882057477e-09,0.758810659844,0.201694591616,0.102668539961,0.301067095399,24.024935149,1.80035725016e-08,-2.03200775922,0.8959219686698575,0.6704823218317226,-0.805691053382,2.17478049327,1.62971587823e-09,-0.183941010017,7.82568305267,6.30075156145e-08,0.980430172785
920,-2.391566356108738,-3.1619224743885472,2.88624204382,0.36406908069,0.0204290107155,0.404152678121,9.64100995987,3.20086502667e-07,1.47055308902,28.579596048,3.3081508986e-07,3.00248572113,22.5826410231,3.28639688396e-07,1.86937650552,4.223932799380136,6.998753581137617,5.96922050625,24.9364059103,3.30767623267e-07,1.61692962797,28.8907044104,3.30818657199e-07,3.96479465017,0.943121170201,3.09532498406e-07,1.46002655479,10.0,10.0,10.0,67.5953866005,4.50748917822e-17,0.570800680597,8.22164135684,6.71378371578e-09,0.755513521121,0.198395429575,0.0978771857496,0.292057394424,24.4814682331,1.497849662e-08,-2.02807693415,0.8958917444278198,0.671239463857674,-0.807641798156,2.21610669206,1.35588054933e-09,-0.183585184638,7.85635806515,5.64048382993e-08,0.957370103321
930,-2.3906753749834073,-3.1618032106712626,2.87802489533,0.36353115784,0.018185791966,0.39973246357,9.8576934869,3.01608356591e-07,1.48182551283,29.1565175762,3.10596178123e-07,3.0118072101,23.0430354866,3.08769843919e-07,1.88171772929,4.221283896681058,6.998334378518923,5.93842919525,25.4399016372,3.10550170583e-07,1.63059850615,29.4744099249,3.1059965612e-07,3.96619543078,0.996999111175,2.92789276682e-07,1.47108972398,10.0,10.0,10.0,70.1718064223,3.15307422198e-17,0.565780263892,8.3768613706,5.61522414689e-09,0.75218366367,0.195330867438,0.0950751269431,0.283660206414,24.9469828611,1.25436166792e-08,-2.02424258242,0.8960109204218931,0.6720974991090947,-0.809683449409,2.25824591641,1.13547082228e-09,-0.183238092198,7.89269720942,5.14774075086e-08,0.935982580367
940,-2.390918719194325,-3.161655891157921,2.87017093004,0.362926744306,0.0162716343955,0.395343070601,10.0739334124,2.84528019811e-07,1.49331426002,29.7192097919,2.92108984864e-07,3.02089720384,23.4963624054,2.90565086715e-07,1.89401814249,4.222047713379261,6.997816187883149,5.90892376625,25.9368776814,2.92064702687e-07,1.64420858295,30.0429272365,2.92112339581e-07,3.96745249958,1.05340093679,2.77109758825e-07,1.48239544326,10.0,10.0,10.0,72.7175452432,2.23536895328e-17,0.560681893833,8.52745831085,4.72796885912e-09,0.748786948226,0.192014896998,0.0917526817576,0.274990498312,25.3945693265,1.05760169319e-08,-2.01984309228,0.8959790385556453,0.6730140526953124,-0.811588659753,2.29876225113,9.57360141761e-10,-0.18283984241,7.91134694455,4.67495108653e-08,0.913306813234
950,-2.390363271877986,-3.1614651689215076,2.86226420003,0.362343759587,0.0145966758353,0.391085867197,10.2934115116,2.68586762335e-07,1.50451015386,30.2921579629,2.75005235105e-07,3.02969132998,23.9557378182,2.73694726448e-07,1.90605909441,4.220458771770569,6.997144905492224,5.87933098179,26.4385782829,2.74962354323e-07,1.65761417657,30.6221040958,2.75008485181e-07,3.96857225827,1.1120209034,2.62325443994e-07,1.4934067315,10.0,10.0,10.0,75.346082183,1.59602902674e-17,0.555670020353,8.68021210472,3.99503319979e-09,0.745432773865,0.188962857571,0.089716493822,0.267038680336,25.8516366022,8.95033328918e-09,-2.01551244717,0.89605425685247,0.6740551285757029,-0.81349259473,2.3401368059,8.10200324156e-10,-0.182447824598,7.93781319103,4.30579745762e-08,0.892535315274
960,-2.3891156396450186,-3.1612272312681604,2.85365799327,0.361782067222,0.0132085493772,0.386761902981,10.512251885,2.53477495386e-07,1.51597863553,30.8700841394,2.58960936445e-07,3.03879491264,24.4182244806,2.57838267388e-07,1.91840146822,4.216067688863693,6.996306724132058,5.84699044846,26.9444377844,2.58919388619e-07,1.67130851089,31.2057568393,2.5896407316e-07,3.969538276,1.17303470546,2.48146423632e-07,1.5047071825,10.0,10.0,10.0,78.0408940122,1.15985846488e-17,0.550511471411,8.8340757305,3.40566948613e-09,0.741964602532,0.185929854713,0.0883568390628,0.259191679322,26.3144493375,7.64278377175e-09,-2.0111071979,0.8962099696506909,0.67518949556482,-0.815508770857,2.38203145005,6.91838581789e-10,-0.182049053483,7.96119179322,3.99486787017e-08,0.871917568389
970,-2.3882756022450424,-3.16095915036938,2.84538374467,0.361190518348,0.012082459362,0.382518158633,10.7314265495,2.39526157883e-07,1.52738527394,31.4396799946,2.44269419835e-07,3.04751663683,24.8750982974,2.43295628135e-07,1.93056126457,4.2132377050227925,6.995361595560071,5.81597061411,27.4438175829,2.44229225882e-07,1.68484531832,31.7820514618,2.44272471239e-07,3.97034505605,1.23598554048,2.34930286522e-07,1.51591502242,10.0,10.0,10.0,80.7239292972,8.64130424704e-18,0.545344941695,8.98464964799,2.93960953989e-09,0.738474740052,0.182876810328,0.0884268720655,0.25151188175,26.7661578441,6.6079484469e-09,-2.00635339229,0.8963167047796093,0.6763221333852768,-0.817425889225,2.42292091937,5.98163420367e-10,-0.181618730419,7.97697661067,3.77253643355e-08,0.851445725182
980,-2.386738594132926,-3.16061895771574,2.83673880892,0.36062536443,0.0110585276415,0.378316746955,10.9510966646,2.26467379114e-07,1.53876055242,32.0147692709,2.30576597735e-07,3.05621857248,25.3350341957,2.29730361707e-07,1.94271008197,4.207994164650958,6.994161242259846,5.78356372614,27.9458907377,2.30537585117e-07,1.69839412643,32.3631216903,2.30579552125e-07,3.9710065328,1.30079466417,2.22501045865e-07,1.52712059681,10.0,10.0,10.0,83.4748271372,6.45403636953e-18,0.540165846595,9.13645593965,2.54047955503e-09,0.734959758487,0.179955412127,0.0880085686729,0.244199746536,27.2242947266,5.72157363884e-09,-2.00161375185,0.8965106972801591,0.6776046694370608,-0.819395015824,2.46439229688,5.17927172888e-10,-0.181189689611,7.99468362621,3.54534276282e-08,0.831894164017
990,-2.3854143250366224,-3.1602319033468067,2.82823659719,0.36004521781,0.0102012495725,0.374188869222,11.1701745616,2.14378747072e-07,1.55008785239,32.5830284671,2.17972015187e-07,3.06466515634,25.7904348734,2.17229720428e-07,1.9547096717,4.20342280346788,6.992794243464372,5.75170188369,28.4430699973,2.17934201724e-07,1.71179256951,32.9374496409,2.17974877612e-07,3.97152114661,1.36732902181,2.10923925621e-07,1.53827649338,10.0,10.0,10.0,86.2246468302,4.91072067481e-18,0.534990725121,9.2857227414,2.21601459264e-09,0.731430601712,0.17702372409,0.0872982410966,0.23704250201,27.6741963452,5.00043661507e-09,-1.99663552778,0.8966767482994331,0.6789095426549581,-0.821300846765,2.50511820345,4.52648547887e-10,-0.180739051783,8.00580509516,3.3253672213e-08,0.812499980238
1000,-2.3842858397523607,-3.159797319110259,2.81962088517,0.359461540704,0.00950095309074,0.370024901011,11.393951577,2.02845397827e-07,1.56167710988,33.1617191904,2.06017058592e-07,3.07312754842,26.2548739588,2.05359804632e-07,1.96689482544,4.1994773735200015,6.991257889509326,5.71941377149,28.9499554844,2.05980383797e-07,1.72542913472,33.5223265697,2.06019835648e-07,3.97193024506,1.43558727032,1.99808004894e-07,1.54969324218,10.0,10.0,10.0,89.0686230233,3.80684533579e-18,0.529692931826,9.43761744421,1.95111387053e-09,0.727800063084,0.174000435646,0.0860690411944,0.229824769472,28.1312962121,4.41126424765e-09,-1.99132203361,0.8968172991990194,0.6802320026250814,-0.823201233883,2.54649570844,3.99315601767e-10,-0.180258064701,8.01078633101,3.0993975273e-08,0.792670773581
