x,y,z2,z1
1.34425606028,-2.75335036864,146.421078352,4.21745007928
0.620871611317,3.54367820978,88.1709758244,2.30913435513
3.92634152643,4.57246520081,398.839035776,0.826666108518
1.41341173472,0.213444273736,107.946420952,0.386447081579
-0.855701187592,-4.99781305436,526.215944061,4.63190896901
-4.90207586435,0.664694941525,318.891674165,7.92678827214
2.46493146696,0.150941923529,43.1438773611,1.40706483773
1.96538095757,2.70896024483,24.9177044074,0.356722195874
-0.746366578561,0.322854829794,160.818233102,0.287602227035
2.08862688325,2.06316464512,21.3544686358,0.172535810343
-0.382810948739,-3.11178019226,200.3194949,1.98393995545
4.3402300564,4.55172521052,479.602285906,0.801851234742
4.73232913756,0.731629402314,150.05483544,4.29994802216
4.19546000408,-2.63717259691,32.942597923,11.6954996615
3.40653911196,0.187325192426,13.2889991448,2.71999317131
0.254377258302,-0.667860811965,174.317927171,0.214340451054
-0.815080873625,-3.58669840465,219.327273542,2.11422254272
-0.563466266162,2.88976466467,61.3466135305,3.0353176078
1.7550185548,0.366934746356,83.1630116142,0.526721022941
0.832547462972,2.22607659344,66.7681669203,0.579032670552
-4.1536809828,-0.708198481171,144.213551657,3.20421613648
4.11441485144,4.43836184671,390.162747717,0.757735306421
-1.98647350468,1.75597047358,62.9141965493,3.50200304908
0.513810586537,-3.63288227204,251.510907568,4.39605149764
-1.59408136657,0.837154401428,120.394532771,1.48345622421
-1.54923258269,2.18080360377,55.5938603191,3.48228130762
3.49178585887,-1.66197648194,0.776931956042,6.67379858996
4.72692777396,-4.4430480477,352.738194871,21.0229200195
-0.779419735954,-3.36002574963,201.454678893,1.83623193873
-0.403333456582,2.20294083403,81.0570045936,1.73055228661
-1.50385145017,-1.89824253481,137.153982192,0.154628516739
-4.16782909985,4.77032388555,258.410100611,19.9762746973
2.62914438677,3.93882137931,124.198796673,0.860195199245
2.31960676082,-1.88764420033,57.6041994308,4.42710607906
4.93805130477,0.467196180361,195.264493418,5.28930338961
2.1914006507,-4.83091357859,464.960245802,12.3978945687
-2.78086378886,1.94748646276,37.5986425802,5.59626920317
3.30109125429,1.32030571958,5.30709718734,1.19445093353
-0.475780636881,3.55504666887,78.7601783485,4.15671098516
4.80455060485,-0.92404534014,126.337900195,8.35478608633
4.23295204743,-0.168470129177,53.0548647739,5.00832942681
4.77330468357,0.512024633473,155.062346276,4.81897397623
1.76328596816,3.657708808,84.2133654129,1.19108131766
-4.08778657883,-2.56327222045,30.3089925969,1.02340183874
0.582894737735,-0.0028330518405,154.880130019,0.0891339764647
0.652806287551,-2.53254997254,171.781999322,2.57195798913
-3.18275376181,-0.351166656555,102.683687142,2.12935731889
-3.75494141801,-3.53012190865,3.09859401124,0.543357429682
1.76278378739,1.22172621456,58.5225065896,0.162258823796
1.62256540885,0.540732009229,87.1125440856,0.339389433323
-3.56846036589,-4.8355914163,173.831431098,1.10768613831
-2.89062989827,-1.85278564385,61.9267865344,0.494280084156
0.602978778911,3.56518048527,89.8625445382,2.3673952538
0.297680125874,0.45302780472,151.589389854,0.0116688493013
2.05928655273,-0.657122716228,75.3341107268,1.86438046336
-3.74201612751,-3.11209010149,1.12903109683,0.568989421546
-3.2429293865,-1.19081461946,80.6817069599,1.24937461337
-0.597349627781,-1.81881327341,173.698931556,0.431371791048
0.877105352906,0.785462275563,119.527670576,0.0297409245985
-3.3027122841,-4.24848153006,78.8547714595,0.793825146839
4.9808973493,-1.44099309725,152.979255626,10.435478448
1.13880779039,4.04965425819,143.021777146,2.38745817408
-2.19191323435,3.75345056382,29.9391812487,8.86122166145
3.61127031236,1.80387449144,14.8033233105,1.10990784584
4.6253840671,-0.362695279848,105.661995266,6.40193904983
-4.94484266265,-3.62423620853,97.991187709,1.17029147867
-0.00531479134348,1.21759798523,126.195824317,0.388575220195
-1.31505772153,-4.64562181142,369.668379055,3.12846129417
-0.0345453538547,1.39856767524,117.956296586,0.532058807473
4.35379168236,-2.90857022347,59.2691448589,13.2063617635
-1.55201184483,2.62101013158,38.4740673005,4.36495567727
0.299174854369,-3.94827044777,299.77969267,4.64335688517
-3.55064565515,-3.53604674771,7.53502966778,0.502265374152
-1.13801660858,-4.16098311757,276.457862387,2.5653756096
-1.3105902137,-1.04915598548,158.722193022,0.072770985167
-0.6337642124,-2.79910965073,179.532237281,1.29002644642
3.86673062082,4.24778517085,289.550321372,0.694754307858
-1.13792369285,-2.78757140687,156.202540413,0.834429512875
3.49307628313,-4.92979225468,446.370171913,17.7568201292
-2.50710600231,1.70997979741,52.3635355887,4.45230726241
4.79838806433,-1.02340237145,122.357080488,8.61581613934
0.653326603503,3.43483956029,80.6739814438,2.10133460801
-3.56128460228,3.44837347242,28.0972944624,12.2839540703
3.31925248222,2.23542866,6.80829643955,0.602213345323
-2.89846716865,-4.71058687887,204.501076917,1.39992149602
-0.203439089284,-4.99779080972,570.538729772,6.01698002944
2.70198905089,3.03152500606,24.3788280113,0.35588032085
1.01710352954,-4.57346244472,434.395709477,7.94008386548
-4.54472168338,-1.8948239756,123.484400413,2.17016694836
-0.56270718704,-1.50065704866,176.654199303,0.262512205419
4.70469919958,3.53342957062,318.971705244,1.02163579227
-1.12099640214,1.3636691464,109.424503022,1.54397962264
-0.817501015453,1.23904481908,122.143137571,1.05912218417
-4.75932752941,-2.8475926858,90.8299431975,1.49233487967
4.03511989606,2.27012900572,61.8275557345,1.17635984788
2.54094355217,-0.120316474959,41.5064664663,1.82917058746
1.18160137818,-3.93515958659,276.756400211,6.62113152071
3.8106053669,0.830878041645,25.18152937,2.43512741554
-0.0531530135901,-0.406356289845,177.485444273,0.0332996265886
1.89237321422,-0.966303738758,87.7333443887,2.0515845271
-4.50100521313,-2.50033395772,73.235735768,1.4908588699
3.70382715219,-0.672594915534,12.2721903026,4.88015121745
3.33101266956,1.44128401215,4.89562185214,1.12051675584
3.40917376299,1.73068176413,5.89200310019,0.968514995951
-4.93042381712,-2.50026259746,149.082811412,2.0285718943
0.918977413308,2.61717799064,57.4167478905,0.846015250623
1.55315397693,-2.06345899661,114.861139577,3.27257646221
-1.93865405092,-0.333485511442,135.305953454,0.695767691937
1.01954591834,3.50749596453,81.610216078,1.75241494018
1.75239708897,1.89799122673,39.081115661,0.138552761791
3.94641244294,0.119879868608,31.2709513199,3.82593521723
-1.88849102168,0.903831700772,107.788287781,1.95896208636
-2.7809010697,4.03994753469,43.3732803011,11.646845901
3.45839295035,-0.481792864269,11.1818187425,3.96986754415
1.01018668292,-4.13569278064,322.763453106,6.71770674704
-1.02731117886,0.951450431242,131.600952662,0.978931925936
-3.82066739463,-3.87272304596,17.5257203612,0.592560012423
-4.24882750708,-1.62356824303,103.654930351,2.06784686933
-2.63745393549,3.77833035048,21.5845645242,10.303587991
3.77295884974,-1.04834534834,9.31085419982,5.88547872993
-2.14993135472,-0.789905920576,124.068273737,0.548843727429
-1.2709425288,-3.28372821172,166.798986768,1.22027680689
4.08948720179,-2.99274397502,44.0134044394,12.5515280675
-2.54264603079,2.42456809558,17.8794596763,6.16844346828
0.121729964186,-3.52301627829,241.106036013,3.43673127891
2.94926223996,0.874694370635,12.8322591966,1.2221844027
-0.927779191622,1.04068904092,129.63391176,0.968844281969
1.55568846188,-1.30819165528,111.707926501,2.05106487806
0.0113270396859,-0.937618246753,179.830206093,0.233704443167
4.6474179811,4.05994809444,414.543679186,0.844462456666
-4.86639002801,-0.401142096473,287.831523324,5.26207871934
3.36020528534,-1.73974758171,2.4747873669,6.52863864321
4.80906389882,1.25272189878,179.405932174,3.52934457587
0.290697225204,-1.28212032753,174.440811443,0.628267961226
-4.32259585227,2.460574563,130.682934372,11.5375214535
3.01412862446,-0.876787085057,18.1440689771,3.83048855321
-3.79762237631,-1.56440355735,73.1773326762,1.53432979447
-3.22520836681,-3.13150294082,14.0848986279,0.4062729632
-3.53206059861,-3.44739778863,5.71780158179,0.488920341641
-4.29741152779,-3.74348862067,21.2483532103,0.723268398731
0.732893963748,-0.037965698875,149.52602897,0.153385407798
4.38303023097,1.90932710117,103.478025786,1.92573940154
-2.18077847436,-4.27061666252,192.597760838,1.5080609053
-1.81023643511,4.13233185167,81.218814456,8.88245073198
-0.296314839576,2.94178552179,65.3710534807,2.69130863888
-1.5405629218,0.880118423579,120.319046577,1.46928641331
4.32184133896,1.24085620657,80.8476046628,2.68255338633
-3.03246038222,1.941086272,39.2645125202,6.19595255489
4.08314684385,-4.49062804214,298.919952677,18.3790643582
-4.29684801476,4.11044156158,165.289778741,17.6709769788
-4.86165855309,2.80623906939,254.347844051,14.7414109798
-3.09478952971,2.99031138373,3.78774034119,9.25722243852
-3.08967804259,3.68762779252,17.3021107771,11.4865440347
-0.881017480484,-3.19024934158,185.211648323,1.49889008245
-0.961954832534,1.85495635421,88.0035175843,1.99172167568
2.28263983673,-2.24029681115,64.5694703913,5.1142569095
-3.89166975368,0.32452751075,136.322893611,4.57132488096
-2.01358147594,-2.50557767402,96.8065199221,0.264743058957
-3.02754403512,-4.36335564576,119.6109739,0.992352145711
-3.34461398617,-4.36458908472,93.2343480402,0.8544054203
0.960101323659,-4.86624631096,534.522272739,8.63916137648
-2.05496223808,3.63804379214,27.3296109426,8.12764088708
-0.493263566283,0.385715960382,161.498610225,0.193266916949
1.95537766371,-0.935911488704,83.189184003,2.10028135353
0.392834894683,0.209150448257,156.214274552,0.0120588574959
-2.50338591577,-0.00305639696379,112.744954955,1.62573445633
0.438429635353,-1.52993489442,170.034935405,0.98052856782
4.35936687034,4.24575758615,386.782099836,0.743708436479
1.15800469791,1.74841013661,70.3343735527,0.171617117415
-3.82387925611,4.45598376204,146.830105849,17.1430284609
1.35346718979,-4.61939822408,436.344343293,9.02544336825
4.19521622341,3.46160003414,185.466242251,0.720816530309
3.27573800419,4.80806472707,396.695355461,1.24048496239
4.47418588667,-3.5576072914,132.451802136,16.135826577
-3.94299303623,-2.09954370677,48.6960313988,1.21469886047
2.18705863161,1.99028219492,18.5886613713,0.184182005319
1.77450179979,-4.70391398987,443.283698324,10.5782823437
3.37503089765,0.921262082625,9.42913281623,1.68982668311
1.40692928257,-2.7095830668,140.654217009,4.25338754944
-3.22345579234,-0.565739824801,99.4580130992,1.90944357528
-0.557225194191,4.5699858129,215.07191425,6.73309565563
4.44406742217,-4.08435048514,221.309304194,18.1847719632
-1.43286280484,-1.21838392369,151.61339236,0.0817913897699
-3.77761931363,0.985224257686,114.286720039,5.74914442269
-3.0853081234,-2.15205678883,42.9438609655,0.492039425608
2.6458453335,-4.58665830074,352.05397839,13.1149447545
-0.232564444941,-1.44984754884,179.976996151,0.398749639927
-2.41527778735,-4.97197126503,337.037019025,2.17988487033
0.479465528736,-0.0763003959032,160.086161198,0.0788443619908
2.95456510921,1.83045362747,0.676530873319,0.544870698948
0.930013404211,4.02125809086,139.399465069,2.63409932236
4.10858865108,3.11790880238,127.619508015,0.767584295105
-2.49812282796,3.22040262823,3.13036103291,8.1806002294
1.67188400092,0.463609766556,86.0707164131,0.410584992669
3.86456505835,-1.40729707582,7.72249918705,7.0085142498
-4.55508505915,2.92058132773,169.665598771,13.9981130065
-4.28632094275,2.98403746867,112.932014616,13.2314872801
-1.7234393318,3.34977439566,28.1399878131,6.46082403853
-0.525486458914,-2.59627751252,178.042126823,1.16949799985
2.74080031964,-0.601998256892,31.9132299844,2.83932032346
3.17785089327,4.73444854834,360.387524094,1.23179388948
-4.94330979184,2.97665569186,278.889343569,15.7201405992
-2.41106504048,1.37253152122,71.2074548651,3.58968625414
-4.82974410984,-2.41168979262,134.464176626,1.9861303199
-3.13063755821,0.874136676051,87.8373528472,4.06047212916
-4.306823348,2.59208623264,123.885039505,11.9281415842
0.0349529099266,4.83387077689,307.007401083,5.9944576144
0.805114688306,-2.17056344197,159.010234119,2.23230958675
-1.72192623762,-1.48521182045,133.093057937,0.11686577406
-3.56577651076,1.12845696186,94.4318750879,5.5683622397
1.68272105201,-3.42747808397,175.814651111,6.55897557337
4.39081176636,1.87327155072,103.883170995,1.97688958237
2.24566542479,-1.86953236975,62.8399448797,4.2351279828
-1.53456215666,-1.02653531265,149.50307715,0.130115021032
-3.043748857,2.50460027193,14.8097494372,7.69895132609
-0.329565481592,-3.60099541922,241.811698658,2.83005654915
3.77948863869,3.12952296998,84.3497540685,0.582958256714
-4.05016428303,3.12100484691,74.3875934271,12.8650500451
4.35415084459,0.779388462142,80.5080451553,3.45826378087
-1.74939846544,-4.74350385129,349.963086259,2.66274457034
2.50875404279,2.19924866622,6.40390493569,0.245601289613
2.56814003167,-0.899805011204,41.2577267479,3.0344941225
2.3775145126,1.16836350322,28.0752871579,0.491244049901
-1.79067126866,0.656893329149,120.80669991,1.51049763928
3.74473961739,-2.99892765656,32.9287469446,11.3748244303
0.934179487157,3.27390265378,68.616029178,1.54565567716
-4.73088354332,-0.37901854035,255.313161407,4.99579324406
0.649365525611,3.38614219995,77.8940299869,2.03533986733
2.34729092274,4.65623473741,290.64195084,1.82329910155
4.52820010705,-0.0379732425879,95.7196186792,5.41410613768
-2.34698310665,4.05984118792,52.9630311958,10.2911882134
2.57979033691,-2.837543664,64.7717511676,7.33754128713
2.10075169734,3.56485337917,70.111825315,0.856889242512
0.0627054448851,1.88343515314,94.5319513039,0.866638799906
-4.1322840073,3.49701257388,92.8411862053,14.5555772788
-4.60950967381,0.949023190408,240.043692566,7.8583135136
1.3260856658,-1.80415390916,127.85768501,2.45188544163
-4.76243562758,3.44159367225,228.69332746,16.8439704228
-0.151495301433,1.86680188795,96.4401652687,1.04780365303
-3.66252522884,3.52270246216,38.2972027213,12.907069747
-1.83335749592,-4.80719028269,358.698889121,2.65188910892
-4.55190648082,-4.56824614424,113.344911211,0.831838585192
0.184433242582,-4.19156640516,345.392595874,4.94791439109
1.18657742771,-2.53523923399,147.4477712,3.48116870251
0.767858840005,-1.07280120395,157.682731675,0.847937247806
-2.29761012068,0.101849102672,117.827487834,1.48756480562
0.826654363383,1.80869695423,80.8065159289,0.310552678234
-4.65604286633,-0.380634219707,238.557698316,4.82346093459
-0.0865839061063,-4.04062798457,311.374308393,4.07895492352
-2.90587100152,-2.24843311059,46.6083182915,0.373724653906
-4.6069278637,2.70149086549,185.629142656,13.3895529818
-1.23824055685,-3.41895448706,177.951110866,1.40577296812
1.88902841808,0.539298058846,70.737080424,0.514410705448
-2.31912264538,-2.25713022455,79.9217756621,0.210381668355
-0.658261362849,3.06044532872,59.2612222352,3.51489974254
-2.30090685359,-0.617499934886,119.543748122,0.793635695313
4.05351445988,1.73550991498,51.3628616432,1.67841429967
0.961519038761,1.71041515812,79.6648547139,0.211603672922
-3.34909995979,-4.8817460844,203.538419167,1.26471930185
0.536279868227,-2.83509960581,186.012546561,2.89439561134
-3.38127532471,1.78839370534,56.5290782236,6.70674218857
3.86819056209,4.79604662624,471.546101103,0.965919279502
4.81595368819,3.73721529002,392.617588754,1.02248612862
-2.78003427614,-3.2560574562,43.2833038306,0.420993550999
-1.75423570833,2.11726568572,51.947612784,3.74844866868
4.54291381863,0.902303181566,113.79861762,3.61001533446
-3.96569096459,-4.60748376083,105.347808971,0.837967747051
3.04845637131,-3.15362929556,59.5509259995,9.61657726824
-3.06027632627,1.49177440593,61.4058602274,5.20489344988
-4.90148708222,-1.95768247288,187.584342916,2.63697846435
1.43018626059,0.021954040281,110.809035181,0.516866611115
-3.84046013906,4.59935455341,176.067652155,17.8133772181
3.34444654136,-2.72731129726,20.7703246471,9.22036937178
-4.13606315365,-3.57193657397,9.05969049806,0.673692297488
2.75523116993,-1.65649607933,27.9085928123,4.87790651844
1.67114165301,-0.834304531066,103.213134649,1.57631810902
-4.18749807384,3.25446696446,96.1915547181,13.8544163783
0.22219675249,2.56580631658,70.3430521556,1.45085605835
0.932949908528,4.95024263392,366.780176977,4.38077975529
1.66623203006,-0.717984229726,103.168888245,1.43011353227
2.93173463967,1.99939286732,0.169459564327,0.460475480019
2.86032832643,2.27984739637,1.4096029059,0.348453592155
2.42811013652,-3.59429241125,145.338393812,9.08093292283
2.20050251512,-3.86168947883,202.665708017,9.21513836414
1.54425304303,2.50263508584,38.0164108388,0.393397070272
1.56152763557,-0.714929291446,110.333342038,1.3027313227
4.99973248458,0.0323270505835,200.828024854,6.42199541807
-3.68584708047,2.90666283292,35.168385845,10.8713680205
-2.35934110064,-1.74856028444,91.2957941402,0.262011839255
2.02243508702,-2.44407153396,88.4859536396,4.98919812174
-0.0787706242592,-1.49923278869,179.415001522,0.529329137855
2.40392885809,3.65202246668,78.8706102504,0.756179878432
0.662036767616,-4.74608312821,496.358483794,7.47873454865
4.12006569773,-1.51878505166,20.185917343,8.01682605346
2.18047288646,-2.52814633947,79.4487106776,5.54398252201
3.46854810102,3.34199812225,77.4529895617,0.467839122874
4.97807608917,1.36948811271,229.566049937,3.65839250892
3.96043521095,-3.44736704334,79.7618920686,13.7215159491
-4.32599770821,0.910120253896,184.581129578,6.9709150161
-1.82429575753,-3.52860463982,138.605663432,1.0127026182
-0.186882169262,3.41786246011,77.1645585859,3.35293829715
-1.16774523542,-3.20622972637,169.393631105,1.23017132463
1.44146880285,4.08174251651,146.686135416,2.04781995354
1.67827959095,-2.14673780304,107.219991865,3.65988404705
2.02865024494,0.985082289201,50.8117538446,0.363084357433
1.6859532396,-1.17230429458,102.568024334,2.04504738531
-4.74564209109,-0.590856768096,249.351533816,4.60034247078
3.04425394117,1.95382715598,0.0681061806083,0.547065790004
-0.161178755844,3.31271007851,73.2336636605,3.11629740513
-4.03830077011,4.2416531195,139.542116014,17.1398226253
-4.66073565876,-1.63532241868,163.332408589,2.68468479146
2.49001709686,2.92840011835,20.0308439874,0.341637369565
0.59939913582,0.61299407054,136.85398746,0.0147451784308
-2.68399322352,-4.8398963315,263.385999294,1.72806869312
-0.748984014091,0.608806269152,151.073045451,0.461095111319
0.728477701947,1.59522676295,92.6383784987,0.241809508091
1.65017903704,-4.16007270318,297.633634259,8.50275198336
1.34793692882,-3.26893279754,180.392006988,5.36577376883
0.569160430592,-4.23142256896,353.887840199,5.89552092359
1.8652275663,-1.6499309234,89.9247771105,3.08954832837
-1.0153794,-4.3881344398,332.472787154,3.1358487578
3.64887907837,-3.38247900791,66.5897676858,12.3607088243
-4.72877720132,3.71816405298,231.784332598,17.8479175278
0.381398998523,-1.00221831491,172.101380859,0.482453383745
-1.28600757948,1.72322921611,86.3744988907,2.26578815059
-1.76127022755,3.85037295959,53.1560246448,7.91627831721
-3.3561989894,-4.02997169388,48.80902398,0.659047587951
1.22847577702,-4.2578186093,341.73349815,7.61662570331
-0.742423212096,-1.41255706465,173.721200354,0.158709245017
-0.923873529752,-3.26324074489,187.244910558,1.5434790013
-4.90144793408,2.82551969118,266.563189865,14.9696019511
0.303441019567,-3.55279022561,244.226867379,3.8232125567
2.04727471272,-1.66260896173,76.551846573,3.44228889688
4.69511730589,3.80758202374,369.23757385,0.919888678168
-2.36404483145,-4.30020809623,177.62896065,1.38130471781
-3.98589127673,-2.70948685187,18.0259046751,0.855582946805
2.54353163008,3.30789464952,43.5589207552,0.488454601428
-4.79384088884,1.39180510919,275.984439755,9.68129257771
-3.72600534901,0.625419692515,119.119061118,4.82986128714
-4.70652756973,-1.10458778592,210.90333697,3.58118316831
4.46424218581,-1.47113991586,55.7645291083,8.89677678519
-0.435247243251,-0.470997319899,179.306797943,0.00853230907747
-3.64073786387,4.10933282904,79.5153758559,15.0180947487
3.5191133708,-2.24852692272,3.22771513315,8.33256253808
-2.43192861728,0.258949884507,110.998597712,1.85742514358
-0.476675251377,2.89450418155,62.8799057338,2.8996716596
-0.62618979151,1.65649319223,103.963512438,1.31327565203
-4.81665980998,-3.27501063661,80.8494194063,1.2489218496
-3.34146200641,-2.14225953611,36.9957435722,0.660233660749
3.56892613661,3.97361932298,185.348260109,0.609844063875
-0.630149288483,-0.00696903444058,170.788009909,0.101147604831
1.71467461081,1.6779310947,46.8296827769,0.115435256225
3.30150141574,-4.03285442363,174.970901129,13.4535426669
-3.94544931104,-4.11686185261,36.2394737101,0.657354177847
3.53270073387,-0.0728188350501,13.9655080311,3.36965066801
-2.72850325045,4.38999447026,91.7760771372,12.6958579807
2.28609401437,-4.64189439305,391.845385124,12.0547537976
3.40838985946,-1.0745180715,6.14828330423,5.07858545461
-3.57218887624,-1.67240354621,60.4623611438,1.17735357182
3.70860564492,1.82658629651,20.9815610753,1.19188270524
-4.98177368659,-2.07161746385,197.117913198,2.6147555774
2.99367969576,1.45887154538,3.8621899953,0.787161140171
-3.58672966682,-0.32395041206,112.241526179,2.81436630312
3.60122931856,-0.613934908904,10.9674072411,4.53114164502
-2.09824111944,2.51267915301,24.4392836445,5.31686402855
2.14063536309,2.51095197338,17.3520398903,0.250656245453
2.20244664168,-4.22402271517,277.771533183,10.3657447968
-1.64390954809,-0.710367424346,147.390785446,0.273301424832
-4.84956225144,-0.195497326831,291.358157345,5.6696063421
4.76307827042,-3.75270364079,203.276171221,18.1398439587
-1.66658252633,1.49629544618,86.5569656507,2.50123924414
-3.432645192,-1.75320817315,55.0947028706,0.974057926325
0.166647575136,0.280413738284,159.941154578,0.00523432314894
3.34895929982,1.39984559184,5.47051408177,1.17527254065
2.12638549207,-3.90376880041,215.240922303,9.12228111202
1.32045737149,4.18362557869,165.520556201,2.3523823369
-0.954399170809,0.920674250443,134.566448847,0.878986457474
4.9771172367,-1.43383944324,152.223793959,10.4006395632
-0.432434090281,-3.96550877927,287.175303683,3.31407320433
2.23223424685,0.579493096,49.2101098745,0.761946434433
-2.89535723112,0.765929221121,90.0781924246,3.39659925784
-1.17480105399,-0.111299477311,161.320117686,0.299299446664
-4.80325868581,-4.98026627348,219.277304495,0.965006527815
-1.67636197914,-3.82779365611,180.131110844,1.46012185774
-3.80691583008,0.867319322626,120.105417049,5.54853084196
4.18404947016,-2.06219961566,21.813916251,9.79892937856
-4.86496389608,-0.557543445741,280.157538568,4.93250359271
-1.62668509563,-3.38460115911,145.794641395,1.02369712083
0.0953107478785,2.69694429303,68.9259920281,1.77009115795
2.22280582348,1.71178365283,22.3108327918,0.220095858197
4.33367122648,-4.07254653263,207.49754193,17.6668061144
-4.3160664405,2.6182768954,124.892770271,12.0501042684
0.204530198873,-3.77490459913,272.632010612,4.08645106147
0.549848555948,2.78214939818,64.3200379488,1.35681386622
-0.0330491026475,4.10765532383,144.310692667,4.45238244545
2.73113772919,2.41999290591,3.77656993248,0.289544243462
-1.67155731159,-4.59842301663,319.549691916,2.534762247
0.426201896143,3.70796524424,102.041210992,2.86340604767
-2.28858344194,3.17680478519,7.33084994409,7.47550648986
0.6336104557,3.85451044162,117.576628804,2.79498147172
-0.644762538291,-3.58211797862,227.589831127,2.33567943475
-3.27528935817,4.97132566524,230.557796718,17.0304302276
1.0944544771,-0.63043821967,139.178392109,0.745966814712
3.49646739161,1.64737149529,8.87577658068,1.11937969339
-1.20545447716,-0.480969023304,164.144388094,0.15966003544
4.69827014015,-2.75727433566,97.2624584203,13.9339605048
2.87487711009,-1.48423913784,21.4973553123,4.76981235546
2.53595060379,2.94254869408,20.2393904688,0.341470047323
-2.51838894736,4.69436179607,156.717783547,13.0532919001
3.83343348485,2.74997329985,60.8633573331,0.726883942048
-2.64059764744,-1.02763595898,99.2465164944,0.784970730018
-1.34170883483,-1.39699842697,153.125937793,0.075769409408
-2.39952714355,4.08847874242,54.8570100432,10.5520806691
0.870877249602,3.90578515802,123.426719161,2.53083154071
-3.29186923762,-4.62821788146,146.80570292,1.07373472421
-4.6087743178,0.42823426319,244.367837877,6.51763301273
-3.99643724994,1.00219603535,135.526042562,6.3362384847
4.84279779946,-2.978555548,134.844965243,15.3281460382
2.10609623629,2.21788378135,18.8924739732,0.190092145737
4.32285453177,-1.25821767055,42.5270688975,7.88101172279
4.49004440324,3.24770305032,218.566799073,0.984580365842
2.17877050796,-3.07480211092,108.473472,6.9080350418
-0.935124551397,-4.79756688229,450.151530132,4.0582527006
2.4122038594,-4.84193222826,456.032662147,13.2146583941
3.26050321997,4.34420975841,244.798796968,0.871921560202
4.03600167228,-2.7563846921,27.8864967895,11.5505023269
-0.0890926632772,2.25239646557,80.445223377,1.41744166854
1.84694412324,-2.77706311265,113.999666351,5.35401194274
1.33642147443,3.39572987482,68.2784233766,1.2841203359
-4.69771175405,1.24914241402,254.490175366,8.96019492901
1.66770892373,-0.638561576055,102.702911841,1.34031234718
2.48828732816,2.40593386055,7.40220049463,0.241229533847
4.92673787287,0.54794682319,194.155139167,5.09317448939
-1.5669373671,-3.23719690746,142.470947385,0.928238794319
3.19926801096,1.4431762105,3.41178750524,0.986487486405
4.44166404648,-4.02290033154,207.792817503,17.9139661579
-1.27050491196,-4.38426668741,309.54595331,2.74364251698
-4.23122881661,-0.251171850891,168.978157935,4.16113252003
-3.87868558496,-0.549687558215,124.074599608,2.96666185247
-3.66257915475,1.87947242448,69.277297645,7.71037862283
0.175375723088,-1.8506546544,175.907756144,1.05426536761
2.23950151523,1.51652770036,26.0187247698,0.271750338929
-3.40377469743,-2.2751922969,30.1788452878,0.640931219924
-4.1591389941,-0.926128741337,134.981045606,2.87168830302
-1.83293405381,-4.99587307451,419.716071422,2.96737188013
-2.87245143388,2.82012832533,3.68887467765,8.10139345583
2.50018598454,3.01130550867,23.887791229,0.369076176785
-3.25790629682,0.790211468886,92.9671345763,4.15770953889
-1.30804660644,0.794699756846,131.082011148,1.10802081696
3.66598591177,3.70841870287,146.338447666,0.544268569645
-4.9992923555,2.85364453165,298.675649599,15.4631924842
4.42810259979,-1.49090223165,50.7762755778,8.84492600869
3.89477146065,-2.06530015847,5.772730815,8.91408307873
4.27568091296,-2.18249382153,30.1566849363,10.4708195473
-4.75927124726,-0.663776801821,248.823990939,4.48736318957
4.16829931996,4.40258052419,390.086273815,0.748321733692
-0.257851927368,1.59670831789,109.344700357,0.877773790169
-1.01438593259,3.56500921738,63.0791202247,5.3077717763
-2.62926070896,-2.32521541587,58.9469919595,0.268579221777
3.83941898794,-1.92303323814,3.59438578511,8.33818925787
-0.235248029985,-2.78276222939,188.700666303,1.7135410083
-2.71299234073,1.88370917386,41.086096204,5.28929330925
4.10752485951,-0.664626994558,33.1203954865,5.81189378666
2.68920943553,-2.16214160834,35.3009334232,5.88667974267
-1.83937219131,-4.67118763124,319.488966355,2.42866856349
-2.66472318621,0.442768425085,101.603155071,2.46349685817
0.74121059285,0.352613999358,139.600970598,0.0497163505037
1.58848030879,0.91846447343,77.9934829661,0.175078026319
-4.16833790465,4.04509597436,135.561703656,16.865275907
-3.97498087002,-1.64059244717,78.6001779599,1.677688964
4.70575445325,-1.87371106746,87.4205621093,10.9025463319
-0.968156141687,-1.90435664191,162.059148439,0.301631141071
0.480860743085,-3.49389029166,235.778386809,4.04044491766
-1.06555722329,0.0580620777463,161.166790213,0.325780548101
4.47643547772,4.57693911846,524.853009669,0.822161161239
1.8567865777,3.26880812837,49.0612559513,0.761168425804
-4.41881520893,-4.27704612009,65.3091106252,0.761204661173
2.76304153673,-3.42322690143,102.061391301,9.57183774441
2.33887314502,4.60630858075,274.985256523,1.76767135584
3.58098247055,2.45793291774,25.2071844796,0.679995065189
-3.01121160575,3.48628569825,7.00627244868,10.5566247578
2.45514208857,1.618764565,14.9495910222,0.340848994703
-3.63138123616,-2.25973234914,30.5308251864,0.817407360069
0.0318603345733,-4.19131679674,343.083999919,4.63181705123
0.00826435513055,-0.26762681903,174.845818586,0.0197016738718
1.94377785477,-2.83510542657,110.0298339,5.71737600258
0.105819326152,1.43065625253,114.855474639,0.462405792412
-3.86082934189,4.99770875089,278.544979486,19.6313492332
4.89740005226,3.76917907241,427.196177729,1.06931658209
-2.41733543515,4.59840729358,137.857772764,12.3527322534
4.80923540886,-4.08980862682,275.913111381,19.8034219362
-0.0444005325074,-0.998129070736,180.487782727,0.238268210894
2.96015011565,-1.28785306967,18.0987090691,4.53934853972
1.34260335386,-4.38969176016,369.895968783,8.30764929611
1.03910748755,-4.18518350441,332.478398124,6.92228203519
-0.984658504833,0.757568256407,140.905490251,0.759354221705
3.80307032466,2.85743659778,64.6334314683,0.667179310992
3.64508749886,4.24752421194,258.390335034,0.713665694491
-2.57284688474,1.38623705981,67.5061294901,3.93266684876
4.45438015495,-2.22764402563,49.5839409668,11.2119453254
-0.11913307596,-4.0874276052,319.130838421,4.11379189534
-1.12601918544,2.54605114869,54.3405834998,3.39119004245
1.52776877781,4.67058396425,283.027725927,2.85351759118
-0.390040356524,-4.3945769452,374.472574415,4.23800394975
3.87315932868,-1.10333718036,12.0446981461,6.26809852345
-3.1726189,3.48081768688,10.2608749692,11.0680044688
-3.95198926538,-4.81521370118,149.716749744,0.954927585208
3.12269892733,3.90789758389,136.902554099,0.6484271056
2.52005677147,-1.08117081832,43.8012611055,3.26291396623
-4.88700343526,-3.00380697195,105.797892821,1.50925611869
-1.24927828001,-0.891230016921,162.296764705,0.0778673973677
0.299109913246,-2.94662030832,195.947765209,2.70378428071
-0.624013558408,-2.44190723576,173.127391817,0.920183058697
3.09558766151,-3.76724045928,132.716375113,11.7791136287
-3.86615612052,-2.17422430338,40.8294642803,1.08052027512
0.909569730495,-1.85651924155,151.691205996,1.92177918408
-4.88252244654,-1.31871732797,235.608234402,3.55973047819
-2.50977496326,-4.08979916225,129.359173248,1.05966290374
-3.49195424665,3.06043742645,19.3652122495,10.7353212271
0.567268781729,-0.116446960046,157.730295803,0.118899207037
-4.3544854944,-3.40440939143,20.8229437589,0.827665648851
2.10153011072,-4.3931617307,327.888990615,10.5977712836
2.93294792714,4.59113542214,294.200841013,1.25351474461
-2.30226776267,-4.14560513085,159.081233122,1.26522381175
-4.93666863533,0.326709611185,327.566184917,7.13830486352
0.628402904986,-0.50542581489,160.85119242,0.321543125151
0.57861013235,-2.64512537458,177.496004388,2.64082250713
-2.28248675058,-3.51919595118,96.2898388493,0.71895763343
-4.24245301151,-0.140396264647,172.982254619,4.39881106639
-4.73595665762,4.73783585237,376.104158336,22.4381861659
1.45187040475,-2.04048192991,121.437757545,3.05259584263
2.55663513615,0.647130349103,30.7628706121,1.01419326578
-2.70989483169,-2.96451063546,44.6866786645,0.33819607594
4.67881337965,-3.33795113683,134.858296501,16.0851074437
-3.64026941793,0.0306235265524,118.403745468,3.49915918707
-3.99617170892,-0.31918324654,140.310043909,3.56628392203
-4.83967772448,-2.37911221743,139.055500619,2.03470493588
1.07397603478,-1.9034787819,143.366628342,2.22319004442
4.82275584476,2.41251547295,228.523954015,1.97580617288
0.583870326072,-0.907281442989,165.062388313,0.556929347099
2.47974165657,1.94708736077,8.96361949542,0.266898301195
-1.00304737594,-4.33598029179,321.935197472,3.06216261976
4.17344557335,3.93948445305,268.382017485,0.671880787585
-2.96135947294,-3.4331681273,35.4070997735,0.464550683886
3.1029906166,0.752202422766,11.480366039,1.53017641678
2.22254875284,0.515950397941,51.0909023161,0.803113262226
-3.37240522457,1.91844335685,50.0338493473,7.01940972901
-3.20857271743,-0.581784221712,99.074841714,1.86867250757
2.61960395091,-4.93897137929,482.907371598,14.3368099083
-3.1750531048,-3.20463549304,17.013637162,0.407223045477
-3.18549639503,-3.07245769027,15.9619481575,0.394814330531
0.63461057973,-1.95418666744,164.023935495,1.69288060726
-1.00626608962,-3.93257291031,249.401087129,2.38473920888
-4.47640363348,1.6271792973,191.695879103,9.39461194139
-3.53763022426,-1.54425867287,66.4705691921,1.2516384831
-2.82460271097,-1.69945010839,70.4031428476,0.521162633901
-2.73082088859,0.0847287581034,106.506205299,2.05184798888
3.86234257344,2.3954184324,46.6172747761,0.929562336951
3.60194068137,-3.89314167409,141.945346665,14.0449128589
-2.64276923324,-3.03497611732,49.8993873736,0.360824482638
4.404298507,-0.468633874661,68.518168594,6.09126206005
0.217150844451,2.25064158376,78.678027593,1.0946711414
0.171780345303,-1.03722088878,177.275176397,0.372910869346
3.7358991403,-1.47905985976,3.34295196203,6.84988257844
0.847648416145,4.36513418783,201.466054129,3.36490756326
-0.226921999181,2.70359598512,67.9853556296,2.20832305441
2.42546263091,-0.745073663011,50.5210411239,2.5413121686
-3.97916332562,1.95686670182,97.2325052178,8.85000995802
-3.52499076597,1.05356167212,94.7882418246,5.30186522472
-2.00489104656,4.33008414678,101.984149442,10.0870429046
-0.345465234794,4.52146214655,212.000974875,6.09613503588
-0.532050725429,-0.281011570543,176.502992908,0.0223658672928
-1.59243114213,-1.14370297085,145.373203758,0.125203541768
-0.603626462539,-3.6947716723,241.935369417,2.57355694221
-4.53623391677,-1.87214304853,123.873274102,2.18501799185
2.66232165454,1.43421369755,11.3412755097,0.544878307414
2.13809408181,1.96403680299,20.9408617488,0.175848762038
1.6010027627,-3.14154767155,154.04170825,5.64667894152
-1.43785657744,-3.33425833572,157.654342342,1.12681571465
0.782190455539,-4.76003341371,499.745481106,7.83729370022
-2.43511160543,-3.14618962075,67.7243127912,0.437917219742
4.71726665732,-3.02898251871,115.127650253,15.0295971076
4.29978085665,-1.74008752609,33.1472023721,9.18552281969
-1.70648112118,0.102568095341,139.385616002,0.843890136893
-4.18848456796,2.87219532017,97.29108655,12.4806262945
-0.117403439972,-2.73640308709,188.447555549,1.79623190484
4.19979327573,-4.19480308872,224.89703414,17.6173122795
-1.40262489123,-1.38261221265,150.610739317,0.0776755840745
-4.64556384591,-4.48825164453,109.355056804,0.840452636309
0.469855816446,-4.23988577892,356.596074359,5.68754773296
4.10866237458,-0.540850610831,35.2721893059,5.53178555818
4.70576367567,-0.120496546179,126.719406538,6.03344367874
-3.44844022031,2.00393509748,49.7643618857,7.45296510203
0.0258664123309,1.20143866544,126.587099916,0.360555308107
1.01869647298,3.72381479915,101.099169206,2.05433042131
2.83963814793,1.92684202151,1.21970181789,0.435492524161
3.53956887464,-3.30895062962,59.2508084968,11.7260866978
-4.5606474298,-1.99419313739,118.437539692,2.07633125737
1.91764089906,-3.88026807897,224.98854425,8.44245618384
2.68428955872,1.48995575879,9.7034726769,0.530851546119
-0.393304812115,-3.15554513553,202.598899616,2.03343626058
0.415138678023,-4.54239488569,433.598654032,6.31462719687
0.760954889879,-0.593231459054,155.970341668,0.458736478401
-3.42534537623,-4.55018455385,120.225397448,0.952406570532
3.68181303346,-3.41980614895,70.9188358311,12.6089352291
-3.26675465989,1.3765087529,71.188733131,5.42570407603
-3.61551925508,-3.07027938964,2.41009476842,0.521320662893
1.88539112147,-4.29809492298,316.370509071,9.61708631181
3.20339368382,3.26224658598,53.2333389399,0.418910957007
-0.66596681384,2.71203535789,61.6320563672,2.89458863291
-1.70599277986,-2.00131787383,123.923158438,0.159245750612
-0.471068116713,-1.15275615038,180.072088515,0.142542696316
-0.368238053137,4.74081985646,265.723766418,6.71681289718
-2.47510300425,-3.3922756576,72.4598596379,0.554562742627
3.03037918593,-1.69301360769,13.536133211,5.59549533758
-0.917530177608,3.27025300317,55.1548300947,4.43973503924
1.76048143924,4.40022470416,211.697208012,2.12160412802
-1.72907667158,-0.602051435411,144.172666839,0.371888053255
-2.2954047139,-0.285348395185,121.095304253,1.0766844672
1.31337295899,-2.7104347124,146.406912312,4.06727485952
-2.00714808353,4.6183589682,157.370536052,11.042520146
1.48531925084,-0.193843644856,110.776902101,0.721576099981
1.43851926933,2.7596685937,42.3012709399,0.612606697657
1.13229728912,-4.10523922395,311.75577351,6.94633101891
-1.43425184685,-0.338922153539,155.364768032,0.331378244617
4.1620694192,4.81354627521,537.421002943,0.911722294416
-1.96343777631,4.45844453281,126.338831476,10.3723936852
-0.120857384782,3.05039947341,67.7343336195,2.60003968366
-0.666925219276,4.37207284369,169.290090264,6.48515655883
-1.2498134785,4.31986721682,134.593006049,7.84958806152
0.530841987471,4.34702135607,195.033185641,3.87874175132
0.849517263903,-3.97989675146,297.175326845,5.92880269031
-1.66782779542,1.37238222556,92.8952939656,2.31159212375
-3.02959463048,4.0145370455,41.8596748119,12.4146488827
-3.90077079621,3.077099707,55.2407676925,12.1794535305
-3.48624666652,-0.351643018739,108.026993028,2.60372897953
-4.96220857835,-1.04518456758,276.366874854,4.19665699934
-0.931226358733,-3.58083612253,211.987750532,1.95869505344
-2.95944899506,4.26488439768,71.8228726051,13.0647898583
3.69583735911,-2.26323001721,3.46209974724,8.89814463684
2.24784807704,-3.49757902289,145.167425552,8.26810141452
-4.19954890134,0.362139114962,171.486474688,5.3495065282
4.84375671014,1.54583877803,196.273424316,3.12733497676
-2.51526381297,-3.9905256473,116.140118524,0.967352334969
-1.52261349059,-1.31963241527,146.010066558,0.091083947128
4.61129387366,3.31591539511,258.488319683,1.04790781858
-1.78228308837,3.85317112525,52.5431637904,7.98247182109
-0.363407497146,0.805688848674,146.330259029,0.343652694391
-2.93285030358,1.68683268751,50.7382003203,5.35089333354
2.94491244898,2.93260222486,21.0238054682,0.345489672816
-1.65508287648,1.7410363552,74.1339960398,2.88348033896
-1.21055201539,-1.79906740244,153.190962377,0.177165680602
-4.71454151899,0.564256772763,268.903786262,7.13867648601
-2.38601572751,-0.0142604194149,116.408530091,1.46391906618
-1.76938011934,-0.889005769484,140.373035463,0.264434904311
1.78902171477,-0.959179724091,95.1250153455,1.89503916444
-1.3646321386,2.13900710389,63.3414584094,3.07486855126
1.9429347494,-3.52143981227,169.412663819,7.48976411989
4.04077305902,1.47205900086,46.8664110046,1.95348615135
3.52097307763,-2.19994372623,2.49588877069,8.19967345465
-1.12603543236,-4.01079517766,252.23427949,2.34432998419
2.78783403285,3.25175948633,40.4727311498,0.418573605366
4.75477788126,-4.85252206676,499.399782805,23.0751486121
-1.88899367044,-3.47554775152,129.147014899,0.91707150973
1.12885842708,0.845092024152,105.459066053,0.0590956466971
2.48110364598,-0.776464342088,46.9260730797,2.68199525079
0.576366182784,-2.21620202233,168.283953474,1.97649991085
-2.01646796824,-0.25995779905,131.833601038,0.823153136355
4.82216044325,-3.81986176568,225.216812685,18.6811829913
3.30071909314,4.18667799076,207.899037335,0.756841942988
-4.7261245129,0.855312174152,269.514731917,7.93794075451
3.52327574941,4.74331150058,399.753109696,1.05548645615
2.02687635483,-4.45847509649,350.983459348,10.5740725862
3.10636176916,-2.25505661854,14.420168886,7.1934489866
2.61119552367,0.189788270553,34.8817597226,1.54425837351
-1.68476628994,-2.18065037094,122.40257605,0.210889715069
3.61599141234,2.45247973768,27.421949978,0.706703275252
4.71316790202,4.77465678001,676.316836847,0.901133392498
-4.51893045556,3.77200911724,181.387774153,17.1904986648
0.708132559831,-2.46037935779,167.99064043,2.54057063144
2.69299788347,-0.553266663466,34.5060367333,2.68034287411
4.75923168235,-1.34645069166,106.352072395,9.43631005396
2.21196257212,4.0724340242,143.302053713,1.26027491181
-0.419418745539,-2.37967291553,177.424857794,1.03899824401
0.555791946956,3.96547238318,131.366568771,3.11089848073
-0.614485239055,-3.6906333707,240.93866297,2.5510122944
-4.81417987724,-2.61881404734,115.907936116,1.75740176861
2.00543781906,3.07006908769,34.9052890376,0.54096763814
-2.73275114776,-2.31747283072,53.2448268476,0.298161642479
3.76053131389,1.44714808474,22.3681243865,1.60913473842
2.44726427538,0.439994147848,39.8952672255,1.09064595325
-1.71981254749,-3.1035170234,125.059760447,0.711304600661
4.6195635059,0.434682139995,120.904302999,4.63376200216
-1.3573296965,-1.39910654547,152.403068784,0.0764157338377
-4.55905575062,-4.78944538855,154.453745608,0.887214581806
-0.0525675027288,0.707808077733,148.795478467,0.148836157952
-0.730833584846,2.0613387616,82.7586985703,1.96675904332
0.742464772366,3.48726244841,83.313143146,2.06238449423
0.919994706269,3.06229246968,61.1611434345,1.3059460383
2.00260468689,2.86258854621,27.2529360715,0.421594111526
4.09631008727,4.36387252979,363.382914146,0.733644314302
0.658993123951,1.48947256303,99.3732417223,0.218583072763
-1.48936655058,0.236834419248,144.136363593,0.760630814457
-3.85945639546,-4.78151006619,144.866366809,0.959208756839
-3.67811416711,4.82354846546,212.523441018,18.0826870768
3.35119418994,0.995701478328,8.56526791571,1.57604149813
-3.89920396472,1.26057210757,116.538385369,6.72544605981
-2.02028967371,-2.92874567162,97.1628788539,0.451252583531
-2.34441886128,4.65524741208,152.672572581,12.3022312705
-1.54516704533,0.0107459269955,147.007370725,0.628760776046
0.911669366972,1.75844623865,79.7122414453,0.250552941074
-1.83625923163,3.05304770778,21.1666504654,5.99113632891
3.98920098063,4.85339184055,517.477698137,0.968620938606
-2.97288264101,3.29006704695,1.99792790428,9.80714075794
3.69053807778,-3.60036707683,94.1448864216,13.2894058015
-1.07662625752,0.936582255162,131.118380746,1.01344825211
4.60810216367,1.38832796281,135.308291046,2.95130821876
2.56297786198,-0.296496435836,41.2653638219,2.09551769551
-2.99563099584,4.43379745573,99.1687444788,13.8197850069
-1.56010324055,-3.13470874404,138.511912316,0.840258218609
1.51461064967,-2.99640792841,149.146834147,5.1092793847
0.958072302388,0.403323738231,128.244331453,0.0954704841525
-0.0426821026585,0.401804022352,159.63455032,0.0506816643637
4.42364444943,-1.60522665284,48.4889893265,9.16625648069
-2.50723759819,-4.81160858409,276.900641797,1.86318650457
4.57502542752,1.36888517215,127.987930155,2.92313456645
-3.41459591138,-3.1149760606,6.53579418617,0.448796115117
-2.48030751885,-4.60637094444,227.175301934,1.63224653883
-0.0512431434009,-0.522029512916,178.647818311,0.0586963668151
-2.25833996368,0.998043561354,92.2929612682,2.66689188575
-2.74591322703,2.33471948591,19.7131765524,6.45489799389
1.25007725466,1.07679542063,90.9702391659,0.0616500129718
2.69126171891,2.72297946683,10.7159104196,0.293391580057
-1.15940454559,1.66542538131,92.8522259269,1.99747659985
-1.40137210172,-1.28979923816,152.02317083,0.0755361577763
0.313215713322,-3.64522161396,255.189932723,4.02832915173
-3.46031575894,2.70207844388,23.4918091659,9.49952481599
-4.91993827045,1.51753323537,309.263611354,10.4760234473
2.50330571027,-0.789786753196,45.5058563312,2.7404759654
1.22412582306,1.91881578577,61.8822624926,0.219429355637
-4.57185688419,2.08760329687,195.786067057,11.1488176346
3.77043984336,-0.740473630312,13.318452921,5.17889204426
2.04539560644,-0.762832787764,76.5645374907,1.98798635234
-0.354704264401,-2.1825516357,177.192544123,0.899633178221
-4.3384916101,4.01810629503,163.304417199,17.4592086045
-2.09647948088,-2.29238065362,93.9162521132,0.202215250173
-3.43277547705,3.89359488592,44.2268213358,13.4210492191
-2.34739336123,3.42244561725,9.87045307296,8.33431783294
0.763946484254,-0.276379085909,152.276731553,0.272946542663
4.19555528769,-0.575712482812,42.4401159986,5.82228165378
-3.12868212772,0.353241284693,100.814417063,3.10797838121
0.558991349665,-0.85213324657,165.823622931,0.498677478242
4.11869345911,-2.37816980048,20.5527789618,10.5826022795
3.69762870918,-0.536273602754,13.6521940701,4.58142385785
-2.55283493026,-4.15374427316,133.895587353,1.09050972716
4.27378070058,2.94295687181,139.428061256,0.963586027697
3.78644623998,0.130043012353,22.2401253867,3.49571002139
-1.74215490854,2.35824279658,41.5523433594,4.2071109779
0.402483438468,-3.93606717674,297.396221121,4.83061750052
3.73640258534,2.17701701847,28.5741825554,0.957606150648
-2.31545204001,4.84147152394,200.13406365,12.8691964694
0.434845975934,-1.54216545553,170.12840983,0.989405114339
-3.72002694493,-3.0851181173,1.5057508013,0.563877298032
-4.19008089443,3.59171048938,105.91695416,15.1426497567
-0.662193653561,1.27462336474,122.697825163,0.941565742106
-4.82908973699,-2.451313177,131.267291225,1.94349800822
-2.45440866739,-4.81903329022,285.516650285,1.92689198083
-4.26271748479,-4.49115088198,86.5277604339,0.779347568064
-3.19276864133,2.94162173009,6.93036593251,9.40831705494
1.17694255574,4.11293860039,153.329777456,2.43484662
4.8573819664,4.48024768137,613.020327827,0.907470841624
1.33370160971,-0.0642618944552,118.280701245,0.504690261652
0.160593547663,3.90041388778,120.159482988,3.66148185801
1.22105336194,2.95583297218,51.6941494473,0.926828868505
2.33144287656,4.83410241777,350.22288767,2.07927658845
0.513660950939,1.67877541312,95.4906850388,0.3874406996
-4.69888345331,-1.97626508003,143.603888031,2.29873878105
4.09702612066,2.41646556589,75.8963027215,1.13032668407
-4.38046152689,2.21443988551,150.167846091,10.9200976573
1.75992109737,4.46818623214,228.609850965,2.22156821912
-2.8075337824,2.44475249142,15.1273394612,6.89794387817
0.305600786886,3.20342053152,72.0661836205,2.22247212422
3.80587995956,0.809596429069,24.8860370243,2.45745497171
-4.92110064251,-4.00485309283,101.82376227,1.00660389393
2.0752068998,3.22793497197,42.2027633561,0.613428639214
4.28324160615,2.12507886978,92.9414674315,1.57508231239
2.63603899107,2.65503697741,9.16016917205,0.280045079914
-1.11779082243,4.9987061834,307.152320506,9.50349894597
-3.29005830649,-3.22221784345,11.5531778096,0.425247988637
-0.197611105441,0.30263149303,164.095345569,0.0626709571494
2.75549181918,4.03905078979,146.070127501,0.873539000413
4.88771723348,-4.85428693468,524.749678018,23.726672479
-3.8340945772,2.61801728458,55.7619334823,10.422225309
-2.56833226363,0.188277639725,108.645400984,1.95637113995
-4.03978790833,-0.911812974585,123.642235298,2.69124030957
-1.98421698459,-0.833756308033,131.065550117,0.410299676856
-0.471963222481,-0.415765695604,178.560508,0.00867016682682
-4.07547674353,-3.92433927602,21.5450990708,0.645681196988
-1.44505714216,-2.22015679749,136.28266288,0.284532801157
0.940013536238,2.06040663576,68.1917949274,0.403845386451
0.2017238562,3.32171342529,76.2723366254,2.55772983058
-4.43241022747,-0.190479011552,201.371972096,4.7122061593
3.24625574012,-0.340890648156,13.8760317109,3.3013162659
0.727752508998,-1.58232718394,159.469164043,1.34142002568
1.19151308578,-4.83879731964,517.862933484,9.22418771927
3.12527702612,1.13700104322,6.67562155447,1.16998048945
3.03700789764,2.83145572474,17.5488839127,0.354951576817
-0.852470362059,-3.48591317387,207.798225109,1.92197097782
1.48215040715,2.43211272579,40.7490028376,0.378821660443
-1.84798382848,-1.31775848482,129.831702204,0.170503972707
-4.48240253364,-4.95046222348,186.793900629,0.944559343577
4.46493437036,3.35007375068,226.418837825,0.921472069645
-0.630170981314,-4.52031066164,392.628802071,4.04857129466
1.49217728677,4.7104260511,294.73991724,2.97400415896
-1.46842227701,4.36519459341,132.131348585,8.59168434623
-1.58182535474,1.85508302573,70.5507293786,2.95383150147
3.80051564397,-3.48873733741,80.4952730525,13.2842743138
-1.80018755067,-1.51108993369,128.409202991,0.130539943821
-3.57265851893,-1.30266654219,78.9911031513,1.52590383813
1.65140610576,-3.99066108954,262.262215631,8.01295169786
2.83107917705,-4.3623954941,274.850454367,12.9599687577
1.20848425809,-3.67343874384,233.914097501,6.01905305536
2.25430353481,4.85602632162,355.896377758,2.19780827152
-0.787494982543,-3.32098874224,198.220163344,1.77344404278
-3.09536271684,4.96564718894,224.640893332,16.2799498153
-3.13458297358,1.28515429475,71.9729031435,4.91772324466
1.56851120679,-3.68483110533,215.80625907,6.94418946121
-3.81252341876,-0.495990499737,120.888892081,2.9354805726
0.957989717358,3.21922660997,65.7757499645,1.45278943358
2.4512829742,2.50614232326,9.17550615944,0.246513042844
0.617647267789,-1.73411351785,163.9793491,1.3951596671
1.89864735978,1.80473207189,34.6540639814,0.139355212474
-2.66888337156,2.44301839439,15.7505093378,6.53339506606
2.6124368812,-0.0138242717399,36.7967358208,1.7918397858
1.57462567943,2.13898061475,41.4472101286,0.217532840338
2.38400012659,-2.78351752734,75.4202227462,6.67740581748
3.37988576581,2.64505067785,20.8153711944,0.497994243126
-0.166306948561,1.09559306551,133.143120064,0.40673363825
2.98285825597,3.02549245954,27.2350614594,0.361457202034
3.15171514828,0.0307626382054,15.8751624884,2.53636779114
-3.68942019266,-1.17831895039,88.5632444972,1.81335620589
2.99333928339,-1.42211347502,15.9229391889,4.89874327085
0.877063555149,0.125167121907,139.421740133,0.151381724881
2.84964097847,4.41229843055,236.991017389,1.13783221794
1.43365659901,2.00262060319,50.6121592401,0.199010019618
-3.1656645141,-0.618656018194,98.2568297702,1.76502388846
1.6219317975,1.25638212921,65.0308789754,0.116253550604
-1.22477516677,-4.59151788838,363.877954453,3.17203178741
-3.03496718827,-0.0141369213849,103.947765076,2.37432423404
3.1490462269,4.37944122343,245.827672613,0.945249194766
3.02692300361,0.536577302389,15.2734343525,1.67744077221
1.950310759,0.334888607109,71.458090863,0.704618543636
0.930153293519,-4.1214427443,322.409621223,6.48149891592
3.77119798417,2.05428234233,28.8210853765,1.07631204065
-4.25917416095,-3.89434576242,25.8006690345,0.698073811502
-4.35921167241,4.34192113796,208.536383455,18.9274310356
-3.44539206206,2.74192026764,21.6200985714,9.57565719196
1.41174421795,3.16196109358,53.6100517642,0.975002580705
-2.13683273111,-2.02314115526,96.9615596196,0.176285270957
-2.46767984411,-2.85904920843,62.0399554397,0.322032918823
3.34270449317,3.99514325173,168.764349426,0.64485917869
-2.68299549066,-1.55983843062,81.305370821,0.495386842212
-2.48735696717,1.96228538336,39.9003250111,4.9525862636
2.10280808087,4.65768069254,285.820794144,2.08888560001
-2.39880386214,4.49610520841,117.551230206,11.9289295022
-3.56489520254,4.85084559532,211.136895043,17.7227099783
-4.76930456463,-1.77846100805,173.426931007,2.66501863494
3.06784846309,2.47897111752,5.69130108296,0.394366206631
0.538514083144,-3.425602235,227.622644732,4.01190732591
4.78644297686,-1.24360424146,114.217670724,9.21588442685
-3.74807347747,0.495003220973,122.867220423,4.60674962816
3.68965008033,-2.40090484205,6.06729147739,9.29032345851
-2.85195230456,4.24240170262,68.2511088471,12.6017981901
-0.238304483993,-1.05280265819,181.48015248,0.182521395467
3.25434602756,-2.49733115721,14.6532345176,8.2761783246
-3.97332777711,2.53258661542,74.3687480116,10.6024878717
3.85101831724,-0.86126441971,14.6100594214,5.64078843192
-1.31143362175,-3.36473877504,168.95330725,1.27268139597
-1.40777660683,-1.42644136595,149.705462366,0.0804150084807
0.500470319647,-0.543838712746,166.026916145,0.272664146959
-3.90318814872,2.27800759656,75.0659803088,9.57820732866
3.35186306814,4.79459510646,399.332491504,1.1840167415
1.12948484163,-4.56180022321,427.280473828,8.2154893111
-2.15610713399,-4.75624044886,304.700787718,2.16797880483
-0.260396747678,2.32715809423,77.4496708916,1.7165750396
1.81635134546,-3.25910113246,149.693758343,6.46086973339
-1.04799372285,-1.57777492343,162.676811208,0.13911363996
-4.39531052937,4.78040497978,302.84994388,21.0499217535
1.87501566877,2.9454706069,33.209390989,0.518839322976
2.89432035943,-2.46875243668,29.8813783949,7.19244853466
-1.87209186304,-2.39858133425,107.615868669,0.251684286404
1.28033707763,-0.958161585955,129.534927142,1.25375703719
-0.145234364352,4.43079158418,198.794985111,5.41866337724
3.18434714996,-4.30586513581,243.505847361,14.0383980474
1.20778813637,2.61964908047,49.0541770047,0.644830587858
-3.24902988464,3.30921460369,8.70319676739,10.7526789142
-2.77704529878,4.84137077346,189.058381029,14.5526802591
-2.23126377846,2.72665471018,14.0835905241,6.14769305676
-1.83312479566,3.09530103535,21.2102897301,6.08827618153
-1.80167341065,2.64774803716,29.281585184,4.95649622779
0.862863866115,-3.28188033967,204.730016007,4.35324253985
-1.15310065824,-1.75635916105,156.257581883,0.175629769704
0.309447083927,2.53641350836,70.0866930438,1.32083408899
4.36870739315,-4.08515973461,213.609481354,17.8677713462
2.47186731954,-3.4965896114,129.592037516,8.91612009187
-3.49612617597,-1.51485291229,67.3473273595,1.23246005058
4.81152940304,0.476653926418,163.299562858,4.97743517872
-4.27684816282,-1.64661108904,105.232117198,2.08041046116
3.17224975167,4.11560018759,181.987542733,0.75360507861
4.4486020574,4.76760450512,590.988382537,0.874825274444
-4.78159816931,-1.28352008906,214.641295778,3.42699415875
0.66948199311,0.240774225732,145.661956468,0.0542332512919
-2.22286718833,-1.60892652036,102.807882601,0.241057216206
2.1240035042,-3.7190642298,184.396540982,8.56080232321
0.7325372835,-0.0146713468746,149.068142147,0.144733499356
-3.53168014636,4.53340527358,136.476145124,16.27143524
-2.73304455861,-0.471498012885,106.469792181,1.38133912554
-1.25629486662,0.21494595921,152.170376042,0.551981467365
4.85525814813,-0.225889262563,156.847919632,6.66882531508
-1.09571317353,-0.515355615764,167.705251019,0.110159150152
3.94092408217,3.4995528796,148.903460995,0.602309108801
-2.24292502907,-1.30926899526,109.659303825,0.344109221233
-3.8161941126,0.933767006717,119.112520251,5.72361651897
4.77849150071,1.86011351339,189.062141547,2.56994328456
-4.46129948354,1.45587792538,194.578065072,8.84357270956
-1.75925367669,-3.6505553845,154.391710577,1.18691587827
3.44874589901,-0.237551740193,12.6445148434,3.50031525045
-3.75811209408,-0.104403641332,124.61694354,3.48658664248
-0.540475262222,-1.50183122989,177.008201599,0.272761482221
1.10287066691,-4.73550983698,483.979040346,8.65363240047
-1.07771351842,0.806878957852,136.726061835,0.888655713999
-3.35481414999,-4.66866723487,150.393535081,1.07531501749
1.75096209085,-2.91075367898,128.002164017,5.44634964495
4.96292996452,-1.35761141459,150.665682099,10.1172940497
1.73770921462,3.69562635634,88.8411259744,1.25357123772
-2.68340634594,-1.67909881488,77.1281425775,0.442472917015
1.23256077669,4.7548243496,305.951219066,3.46007297576
-4.22262723772,3.92079072281,132.814262412,16.5797250728
-3.54669447023,3.91138504932,52.7285565898,13.9070675222
0.990579262374,-1.74241200246,147.166229088,1.87296283811
-2.54813393288,-2.36323067159,62.9078009809,0.249762326789
-1.06697296632,2.36052409684,62.490190769,2.95366677477
-2.36678456128,3.67263037913,19.9642218907,9.13568553862
-3.69908861553,2.7552640363,39.2347384224,10.4235750869
4.94799347128,4.23613474221,566.537034814,0.970167822954
1.9010034499,1.0637750188,55.7129773301,0.263136975144
1.34595949118,1.11131379523,84.7669660845,0.0741465706974
3.7342052671,3.98820206499,207.828045578,0.612484343363
3.35435061212,1.45783701829,5.23390390935,1.13076245079
-0.837147109173,-4.75804655341,445.815269908,4.15642503418
3.31313568594,-4.24621116818,223.961704089,14.2946375138
4.89401665048,-1.37584357205,134.038868001,9.95156222062
1.87372994536,2.55850652874,26.3266150999,0.313676943911
-4.13052149097,-3.63235740192,10.1573415102,0.66466475196
-2.82199866553,2.35535483979,18.7333780344,6.70342489436
-3.75245582283,-1.17608754108,91.4116983716,1.9023237777
0.926664119104,-0.951823574945,149.758938486,0.882185334155
-0.383982373258,-3.92350093437,282.490036849,3.31759203556
1.35415183295,3.85184732006,112.715386329,1.83064495839
0.655739904767,1.24101795169,110.109711323,0.121614501712
0.238779835691,-4.56737687103,439.373159487,5.96215309533
4.73809891141,-0.617935654153,120.859160154,7.34153401955
-1.93815415188,-0.0567918166185,133.128067907,0.924679153309
2.01915537636,0.320347283343,67.3922278702,0.776219961175
-2.30556448859,-1.80606897148,92.6327719669,0.231429240003
0.778608649452,-0.28855642427,151.788664732,0.287111835477
4.92947960736,4.40828657695,615.030609155,0.939849316867
1.27591165162,-0.233551686451,124.411279347,0.580485035212
4.36666739158,-2.09817196641,38.7656053362,10.4999976961
1.68921290587,0.347168081288,87.7693241185,0.491739553045
-2.73558079678,-4.93491118539,285.10713244,1.79762801206
4.50984448882,4.75128652755,601.917522636,0.87225904154
-2.49354516796,0.0892839266661,111.99987181,1.72555625418
1.09452169298,-4.72187514178,479.596234461,8.58919496525
2.08280751647,-1.03363349243,74.0346509611,2.43905880181
-0.339774593092,4.68712501221,252.426474422,6.5064244671
1.30801999157,2.99561500503,50.3774951051,0.8972069742
4.23427752434,-0.225632657582,52.3067631615,5.13339204438
1.14523207679,3.41534074825,73.1054139885,1.49633658998
-1.87207768598,0.907357173485,108.18419178,1.94062139118
2.92152558405,-3.43037405015,93.8723531464,10.0892465083
2.03752120189,2.70047713018,22.6355110948,0.334363922658
-1.9134939478,-2.46766420954,104.137353868,0.268721637743
1.34503270647,4.15134347024,159.462952785,2.27094653647
-1.80026398897,-1.08426580347,136.339234691,0.211368471645
4.49728704046,-0.357912766132,84.2744917245,6.06458548431
4.96732994913,0.487282158688,203.775138821,5.31523498364
-3.91409299544,-1.44178023246,86.3484977543,1.81493637983
0.544532180192,-3.33420349712,218.785760849,3.83897027418
-2.8768887948,2.47068485186,14.2964706666,7.15078599304
2.59597956147,0.611958591177,29.5517900966,1.08699347455
-0.180541932392,-0.0680441258168,173.274840833,0.00378188940441
-3.27613344842,1.34252618913,72.9614205983,5.37039258221
0.0589816959246,-2.01023182762,177.585543828,1.10848492227
-2.49928604288,-2.56319815935,62.1158914489,0.257308652635
-4.22896384709,4.85462703506,290.035636039,20.6318203728
-2.84752839195,-3.6073414885,52.2556645282,0.560982437158
0.538959020176,-3.13397988168,202.937479026,3.43996137691
-3.52741152712,-3.4265146168,5.40859276637,0.48611593478
1.80540952291,-1.63234238667,94.2512549236,2.9548340703
